"Date","Comuna1Cases","Comuna1Deaths","Comuna1Recoveries","Comuna1ICU_Cases","Comuna1ICU_Active","Comuna1TotalTests","Comuna1PositiveTests","Comuna2Cases","Comuna2Deaths","Comuna2Recoveries","Comuna2ICU_Cases","Comuna2ICU_Active","Comuna2TotalTests","Comuna2PositiveTests","Comuna3Cases","Comuna3Deaths","Comuna3Recoveries","Comuna3ICU_Cases","Comuna3ICU_Active","Comuna3TotalTests","Comuna3PositiveTests","Comuna4Cases","Comuna4Deaths","Comuna4Recoveries","Comuna4ICU_Cases","Comuna4ICU_Active","Comuna4TotalTests","Comuna4PositiveTests","Comuna5Cases","Comuna5Deaths","Comuna5Recoveries","Comuna5ICU_Cases","Comuna5ICU_Active","Comuna5TotalTests","Comuna5PositiveTests","Comuna6Cases","Comuna6Deaths","Comuna6Recoveries","Comuna6ICU_Cases","Comuna6ICU_Active","Comuna6TotalTests","Comuna6PositiveTests","Comuna7Cases","Comuna7Deaths","Comuna7Recoveries","Comuna7ICU_Cases","Comuna7ICU_Active","Comuna7TotalTests","Comuna7PositiveTests","Comuna8Cases","Comuna8Deaths","Comuna8Recoveries","Comuna8ICU_Cases","Comuna8ICU_Active","Comuna8TotalTests","Comuna8PositiveTests","Comuna9Cases","Comuna9Deaths","Comuna9Recoveries","Comuna9ICU_Cases","Comuna9ICU_Active","Comuna9TotalTests","Comuna9PositiveTests","Comuna10Cases","Comuna10Deaths","Comuna10Recoveries","Comuna10ICU_Cases","Comuna10ICU_Active","Comuna10TotalTests","Comuna10PositiveTests","Comuna11Cases","Comuna11Deaths","Comuna11Recoveries","Comuna11ICU_Cases","Comuna11ICU_Active","Comuna11TotalTests","Comuna11PositiveTests","Comuna12Cases","Comuna12Deaths","Comuna12Recoveries","Comuna12ICU_Cases","Comuna12ICU_Active","Comuna12TotalTests","Comuna12PositiveTests","Comuna13Cases","Comuna13Deaths","Comuna13Recoveries","Comuna13ICU_Cases","Comuna13ICU_Active","Comuna13TotalTests","Comuna13PositiveTests","Comuna14Cases","Comuna14Deaths","Comuna14Recoveries","Comuna14ICU_Cases","Comuna14ICU_Active","Comuna14TotalTests","Comuna14PositiveTests","Comuna15Cases","Comuna15Deaths","Comuna15Recoveries","Comuna15ICU_Cases","Comuna15ICU_Active","Comuna15TotalTests","Comuna15PositiveTests","UnspecifiedCases","UnspecifiedDeaths","UnspecifiedRecoveries","UnspecifiedICU_Cases","UnspecifiedICU_Active","UnspecifiedTotalTests","UnspecifiedPositiveTests"
"2020-08-14","4261","69","3199","75","25","10823","3850","705","19","435","13","4","168983","67701","2634","44","1827","43","19","11866","4654","5766","67","4664","85","30","137824","50021","1453","35","968","24","6","45700","14867","998","24","677","17","6","17705","7304","4495","95","3696","84","18","16749","8200","5584","43","4768","53","19","95","32","1600","42","1179","10","4","1615","688","1068","34","722","20","9","79","18","936","23","621","17","5","1857","545","797","29","467","14","5","283","115","1000","34","554","16","8","910","73","1182","20","741","13","4","50702","21405","1667","17","1211","14","3","26277","10429","41450","1082","26080","802","262","16","7"
"2020-08-15","4292","70","3230","75","24","10823","3850","718","19","448","14","5","168983","67701","2676","45","1868","43","19","11866","4654","5848","67","4742","85","30","137824","50021","1482","35","1002","24","6","45700","14867","1012","25","718","17","5","17705","7304","4531","96","3739","84","18","16749","8200","5618","43","4837","53","19","95","32","1629","42","1210","10","4","1615","688","1087","35","736","21","10","79","18","951","23","636","17","5","1857","545","820","31","489","14","5","283","115","1019","34","570","16","7","910","73","1203","20","760","13","4","50702","21405","1686","17","1228","14","3","26277","10429","41939","1085","26537","810","265","16","7"
"2020-08-16","4322","70","3298","76","25","10922","3882","725","19","454","14","5","173395","69509","2721","45","1949","43","19","12126","4756","5900","67","4826","85","30","142469","51632","1509","35","1043","24","6","46844","15321","1033","26","736","18","5","18162","7442","4571","96","3767","85","19","17305","8463","5714","43","4922","53","19","95","32","1696","42","1245","10","4","1862","871","1111","35","757","21","10","80","18","976","23","657","17","5","1947","580","843","31","503","14","5","305","121","1036","34","590","16","7","910","73","1214","20","777","13","4","53767","22415","1718","17","1267","15","4","26593","10553","42384","1092","27021","816","266","16","7"
"2020-08-17","4365","71","3329","76","25","10922","3882","737","19","462","14","5","173395","69509","2786","47","1981","43","19","12126","4756","5987","68","4888","85","29","142469","51632","1531","35","1056","24","6","46844","15321","1050","28","747","18","4","18162","7442","4612","96","3802","85","19","17305","8463","5765","43","4978","53","19","95","32","1703","42","1272","10","4","1862","871","1119","35","778","21","10","80","18","989","24","677","17","5","1947","580","854","31","519","14","5","305","121","1049","37","593","17","8","910","73","1234","20","792","13","4","53767","22415","1755","17","1297","16","5","26593","10553","42657","1113","27425","823","265","16","7""2020-08-17","4365","71","3329","76","25","10922","3882","737","19","462","14","5","173395","69509","2786","47","1981","43","19","12126","4756","5987","68","4888","85","29","142469","51632","1531","35","1056","24","6","46844","15321","1050","28","747","18","4","18162","7442","4612","96","3802","85","19","17305","8463","5765","43","4978","53","19","95","32","1703","42","1272","10","4","1862","871","1119","35","778","21","10","80","18","989","24","677","17","5","1947","580","854","31","519","14","5","305","121","1049","37","593","17","8","910","73","1234","20","792","13","4","53767","22415","1755","17","1297","16","5","26593","10553","42657","1113","27425","823","265","16","7"
"2020-08-18","4418","72","3361","77","26","11640","3993","743","20","472","15","6","177668","71238","2825","48","2021","44","19","12373","4886","6051","68","4943","85","29","144822","52524","1557","37","1082","24","6","48633","15936","1076","30","766","18","4","18526","7543","4649","99","3838","87","20","17832","8719","5823","46","5032","55","20","95","32","1749","45","1311","12","5","1813","789","1139","40","794","21","10","98","18","1017","24","696","17","4","2027","611","874","33","526","14","5","353","132","1070","39","613","17","8","930","77","1257","20","805","13","4","57008","23546","1784","19","1326","19","6","27081","10742","43218","1145","27710","835","264","18","8"
"2020-08-19","4447","73","3387","79","26","11906","4056","755","22","481","16","6","180364","72323","2882","50","2044","47","22","12576","4952","6109","72","4998","86","25","146285","53005","1589","37","1105","24","6","49615","16312","1093","31","779","18","4","18745","7636","4704","100","3862","88","20","18089","8819","5866","46","5074","55","20","95","32","1786","46","1333","13","5","1877","814","1175","40","803","21","10","98","18","1032","27","708","17","4","2099","654","882","34","536","14","5","370","142","1083","39","629","17","8","930","77","1277","20","815","13","4","58707","24077","1809","21","1345","21","7","27517","10921","43855","1174","28093","845","262","19","8"
"2020-08-20","4481","74","3431","80","26","12084","4111","813","22","495","16","6","183481","73570","2933","51","2080","48","23","12782","5044","6179","77","5059","90","25","148635","53878","1625","38","1130","25","7","50420","16599","1121","32","801","19","4","19040","7753","4760","101","3900","88","20","18510","9039","5913","47","5112","56","20","104","32","1811","47","1347","13","5","1955","845","1198","40","827","21","9","103","18","1063","28","720","17","3","2232","727","896","36","547","15","5","403","153","1102","39","638","17","8","960","80","1308","21","837","13","4","60748","24584","1837","22","1366","21","7","28055","11151","44584","1194","28491","852","258","30","14"
"2020-08-21","4529","74","3466","81","27","12232","4147","818","22","506","16","5","186761","74897","2968","51","2110","49","24","12951","5114","6226","77","5119","90","25","150768","54660","1662","40","1153","25","7","51518","17071","1141","32","812","19","4","19260","7822","4798","102","3924","88","19","18897","9273","5973","48","5155","57","20","104","32","1840","50","1383","14","4","2040","874","1236","40","846","21","9","112","18","1077","30","736","18","3","2293","753","924","39","562","16","5","414","158","1132","39","659","17","8","979","83","1340","22","852","14","4","62411","25110","1862","22","1396","22","8","28512","11283","45277","1218","28919","859","260","48","22"
"2020-08-22","4573","74","3514","81","27","12292","4166","828","22","511","16","5","189631","76096","3010","51","2152","50","24","13123","5188","6314","78","5174","92","27","153317","55638","1697","40","1172","25","7","52361","17385","1164","33","826","19","4","19491","7894","4841","103","3952","88","19","19275","9500","6037","49","5206","57","19","105","32","1877","50","1411","15","5","2106","894","1264","40","869","21","9","127","18","1091","30","756","18","3","2350","780","949","39","574","16","5","431","161","1150","40","670","17","8","984","84","1376","22","864","14","4","64159","25867","1899","22","1417","22","8","28823","11408","45833","1223","29307","862","261","49","22"
"2020-08-23","4635","74","3543","82","28","12347","4175","841","22","516","18","7","191357","76791","3045","51","2177","50","24","13282","5258","6374","78","5233","93","28","154619","56112","1733","40","1195","25","7","53093","17512","1187","33","842","19","4","19627","7944","4878","103","3978","88","19","19499","9616","6071","50","5255","57","18","105","32","1907","50","1457","15","5","2181","922","1287","40","882","21","9","128","19","1109","30","773","18","3","2393","800","973","39","584","16","5","466","172","1167","40","684","17","8","984","84","1398","23","881","15","4","65723","26642","1926","22","1447","22","8","28977","11507","46392","1229","29703","864","261","49","22"
"2020-08-24","4669","77","3586","83","29","12576","4280","872","24","527","19","7","194251","77821","3094","53","2206","50","23","13428","5318","6428","78","5294","95","30","157422","57479","1772","40","1218","25","6","55232","17936","1216","34","860","19","4","19766","7994","4922","106","4025","92","21","19773","9745","6114","50","5314","57","17","106","33","1928","51","1494","15","5","2222","937","1305","42","896","22","9","130","21","1133","32","800","18","3","2433","825","999","42","606","16","4","495","185","1199","42","697","18","9","997","87","1439","23","907","15","4","68715","28318","1959","24","1479","24","8","29357","11664","47207","1267","30100","880","267","49","22"
"2020-08-25","4702","79","3625","83","28","12861","4315","896","24","533","20","8","197155","79000","3137","56","2253","50","21","13684","5408","6491","78","5340","95","29","159243","58109","1803","40","1239","25","6","56841","18417","1246","34","872","19","4","19975","8065","4967","106","4060","92","21","20127","9885","6150","50","5355","57","16","112","33","1952","51","1527","15","5","2265","957","1322","42","915","22","9","132","23","1144","32","807","18","3","2503","852","1021","43","621","16","4","518","196","1213","42","706","19","10","1008","87","1461","24","918","16","5","70763","29148","1990","25","1507","24","8","29917","11874","48072","1294","30475","886","265","54","27"
"2020-08-26","4744","81","3651","84","29","13308","4544","911","24","541","20","8","200901","80670","3183","58","2281","50","20","13952","5516","6567","79","5395","95","26","161248","58960","1843","43","1269","26","6","58923","19077","1276","34","886","19","4","20155","8148","5016","107","4093","92","20","20607","10100","6186","51","5406","57","16","119","36","1992","52","1563","15","5","2315","972","1356","44","932","22","9","132","23","1170","32","821","18","3","2563","880","1035","43","639","17","5","536","204","1234","43","719","19","9","1017","87","1489","26","935","18","5","72473","29824","2012","25","1533","24","8","30657","12192","49121","1318","30881","894","260","57","28"
"2020-08-27","4782","82","3682","85","29","13663","4678","930","26","549","20","7","205030","82299","3211","58","2318","50","20","14177","5602","6586","81","5441","97","24","162822","59298","1862","43","1289","27","7","61018","19651","1298","34","900","20","4","20456","8186","5042","109","4122","94","21","20994","10290","6206","51","5442","58","16","125","36","2006","52","1583","15","5","2397","989","1367","44","938","22","9","132","23","1181","32","835","18","3","2708","925","1053","43","648","17","5","578","207","1257","45","734","19","8","1031","88","1521","27","946","18","5","74926","30969","2031","28","1552","25","7","31304","12460","50022","1339","31305","908","265","62","29"
"2020-08-28","4823","84","3711","85","28","13917","4757","936","26","564","20","7","208373","83762","3263","58","2355","51","20","15080","5755","6621","83","5502","98","24","165940","60635","1883","44","1310","28","8","62537","20215","1320","36","917","20","4","20702","8234","5081","111","4176","95","21","21385","10448","6234","51","5474","59","17","143","40","2045","52","1612","15","5","2469","1011","1384","44","974","22","9","133","23","1197","32","855","18","3","2896","995","1065","43","660","17","5","605","213","1277","45","742","20","9","1039","88","1543","27","954","19","6","77000","32070","2049","29","1570","25","7","31831","12707","51064","1365","31848","917","264","63","29"
"2020-08-30","4889","84","3783","85","28","14503","5026","965","27","607","20","6","213178","86361","3347","58","2407","52","21","15354","5890","6734","86","5588","98","23","170375","62352","1954","44","1367","28","8","63816","20788","1358","37","955","20","4","21287","8471","5150","112","4233","96","21","22112","10731","6321","52","5544","59","17","147","43","2116","53","1664","16","5","2583","1061","1420","45","1012","22","9","142","25","1241","35","880","19","2","3131","1092","1141","44","699","17","5","675","242","1310","46","760","20","9","1039","88","1587","28","995","20","7","80580","33501","2096","32","1607","27","7","32339","12923","52586","1399","32882","928","270","71","30"
"2020-08-31","4920","86","3815","87","28","14823","5175","984","27","616","20","6","215843","87566","3370","58","2435","52","21","15511","5956","6796","88","5635","99","23","172663","63311","1977","46","1386","29","8","65221","21442","1381","39","969","20","4","21505","8590","5193","115","4260","99","21","22436","10856","6367","53","5587","59","17","147","43","2150","55","1699","18","7","2652","1075","1447","49","1017","24","10","142","25","1269","37","897","19","2","3232","1129","1156","44","711","17","5","694","256","1341","46","777","20","9","1047","89","1630","31","1015","21","7","82376","34206","2137","33","1625","27","7","33012","13253","53484","1420","33466","942","276","71","30"
"2020-09-02","4997","89","3885","88","28","15540","5404","1019","28","630","20","5","221361","90203","3440","62","2517","53","22","16004","6166","6900","91","5725","99","22","176878","64800","2047","48","1437","30","8","68512","22653","1417","40","997","22","6","22068","8855","5299","123","4310","100","20","23238","11121","6428","57","5647","60","16","158","47","2225","56","1743","19","8","2789","1146","1495","51","1054","25","10","154","30","1321","39","922","19","2","3517","1263","1195","45","745","17","5","748","272","1399","47","794","20","9","1067","90","1692","35","1063","21","7","85671","35635","2185","36","1661","27","5","34390","13780","55284","1481","34455","971","284","149","72"
"2020-09-04","5072","91","3948","87","27","16355","5709","1059","28","658","20","4","227187","92611","3523","67","2598","55","21","16415","6328","7032","93","5860","101","22","181954","66797","2088","48","1499","31","9","71721","24023","1457","41","1044","22","5","22636","9024","5367","124","4395","101","20","24024","11417","6518","58","5737","60","15","162","51","2313","59","1797","21","9","2980","1223","1529","52","1087","25","10","164","32","1366","41","952","22","4","3696","1347","1230","46","762","18","6","829","287","1454","49","811","21","9","1089","91","1761","36","1096","21","7","89569","37296","2240","37","1712","28","6","35415","14214","57023","1532","35761","990","284","303","179"
"2020-09-06","5135","92","4009","87","26","16916","5833","1082","28","678","22","6","231190","94150","3589","69","2661","56","21","16698","6464","7088","94","5934","102","22","186790","68634","2143","48","1550","31","9","72658","24448","1504","41","1079","22","5","23187","9238","5404","125","4447","102","19","24569","11631","6560","59","5782","61","15","164","52","2346","59","1854","21","9","3108","1265","1554","54","1124","26","10","192","41","1414","42","995","22","4","3853","1409","1257","46","796","18","5","876","303","1483","49","841","21","9","1093","92","1801","36","1123","22","8","92593","38405","2274","38","1750","28","6","35732","14358","58284","1546","37101","1001","290","363","219"
"2020-09-07","5155","95","4033","87","25","17249","5922","1099","28","686","22","6","233700","95232","3621","69","2685","58","23","16846","6537","7134","96","5986","106","25","188228","69017","2181","50","1569","33","10","74137","25025","1518","42","1101","22","5","23292","9277","5437","128","4482","103","19","24835","11734","6590","61","5808","64","17","164","52","2378","59","1877","21","9","3205","1305","1576","54","1139","27","11","236","53","1428","42","1005","23","5","4104","1494","1270","50","808","18","5","890","308","1493","49","861","21","9","1098","92","1819","38","1138","23","7","94385","39119","2284","39","1762","28","6","36281","14537","59024","1592","37686","1020","289","464","273"
"2020-09-08","5191","95","4058","87","25","17683","6080","1111","28","699","22","6","236608","96339","3640","71","2708","59","22","17070","6639","7173","96","6021","106","25","191186","70120","2224","51","1582","33","9","75815","25694","1533","42","1115","22","5","23588","9363","5457","128","4513","103","19","25188","11853","6611","61","5853","64","17","166","54","2402","60","1905","21","9","3265","1330","1589","56","1148","29","11","255","62","1446","43","1019","23","5","4247","1526","1284","51","826","18","5","931","324","1511","49","871","21","9","1112","96","1854","39","1154","23","5","96073","39848","2303","39","1778","30","7","36915","14792","59729","1606","38194","1030","293","626","305"
"2020-09-09","5237","96","319","87","25","17950","6151","1124","28","78","22","6","239367","97538","3680","70","233","59","22","17293","6722","7228","100","251","108","26","194093","71262","2259","53","120","34","9","77331","26289","1564","42","78","23","6","23872","9435","5491","131","343","104","19","25597","11990","6651","61","151","64","17","167","55","2419","61","73","21","8","3357","1359","1599","59","85","29","10","301","69","1471","44","85","23","5","4340","1538","1309","52","76","18","5","975","332","1537","49","108","21","8","1117","98","1906","40","99","24","6","98174","40511","2334","40","94","30","6","37622","15020","60762","1642","3724","1040","291","795","366"
"2020-09-10","5267","96","321","89","27","17950","6151","1155","28","78","23","7","239367","97538","3720","70","233","59","22","17293","6722","7263","101","253","110","26","194093","71262","2285","53","122","34","8","77331","26289","1587","43","80","24","6","23872","9435","5518","135","343","107","19","25597","11990","6688","62","151","64","16","167","55","2445","62","76","22","7","3357","1359","1621","59","87","29","10","301","69","1502","46","86","23","5","4340","1538","1331","53","76","20","6","975","332","1574","49","111","21","8","1117","98","1933","40","99","24","6","98174","40511","2383","40","94","31","7","37622","15020","61583","1667","3760","1052","289","795","366"
"2020-09-11","5311","98","322","90","27","18986","6361","1165","30","78","23","6","245583","99791","3743","73","234","59","22","17682","6897","7310","102","256","110","26","198251","72642","2334","56","121","34","8","80699","27437","1604","44","81","25","6","24537","9673","5566","135","348","107","19","26466","12220","6712","64","152","64","15","170","56","2464","62","78","23","8","3556","1427","1642","59","88","29","10","384","82","1520","48","87","24","5","4727","1669","1347","53","78","20","6","1031","346","1588","50","109","22","8","1121","98","1956","46","98","25","6","102018","41930","2440","42","94","32","7","38783","15473","62368","1703","3787","1065","289","1101","507"
"2020-09-12","5344","99","323","90","27","19436","6523","1180","30","80","23","6","247820","100704","3762","73","235","59","22","17840","6973","7347","102","256","110","26","201440","73954","2362","57","122","35","8","81213","27639","1626","45","82","25","6","24772","9788","5601","135","350","108","20","26768","12346","6750","65","152","64","15","171","56","2484","62","78","24","9","3637","1456","1656","59","90","29","10","387","84","1543","48","88","24","5","4850","1736","1365","53","79","20","6","1074","351","1610","53","109","25","8","1121","98","1983","46","99","25","6","103595","42520","2455","42","97","32","7","38990","15559","62987","1720","3808","1074","287","1157","534"
"2020-09-14","5410","99","325","90","27","20484","6776","1204","30","81","26","9","251499","102283","3832","76","237","60","22","18183","7104","7432","105","259","113","26","204159","75181","2407","60","122","36","8","83034","28342","1665","49","85","27","6","25046","9905","5667","135","353","108","20","27192","12522","6816","66","155","65","15","171","56","2563","63","79","25","9","3722","1498","1688","59","91","29","10","436","98","1591","50","90","24","5","5058","1820","1405","54","81","20","5","1118","365","1645","54","110","25","7","1121","98","2031","47","104","26","7","106614","43637","2508","43","97","34","8","39538","15811","63980","1771","3845","1083","283","1286","636"
"2020-09-15","5440","101","325","91","26","21018","6877","1215","31","82","26","9","254136","103314","3850","77","236","60","21","18306","7153","7480","105","259","114","25","206485","76051","2421","60","123","36","8","84620","28853","1691","49","86","27","6","25244","9950","5691","136","354","108","20","27411","12615","6833","67","156","65","14","172","56","2589","63","80","26","10","3777","1519","1712","60","91","29","10","504","114","1609","50","90","24","5","5177","1878","1428","55","81","21","5","1152","377","1661","54","111","25","7","1131","99","2057","47","105","26","7","108189","44147","2531","43","97","34","8","40221","16005","64646","1790","3867","1095","283","1498","748"
"2020-09-16","5474","102","326","93","27","21462","6986","1231","31","83","26","9","256848","104356","3884","77","236","60","21","18453","7222","7509","111","261","117","26","208161","76744","2438","61","124","37","8","85830","29266","1705","50","86","27","6","25445","10013","5713","136","355","109","21","27641","12689","6850","68","157","65","14","173","57","2608","65","81","26","10","3812","1540","1729","61","92","30","9","526","124","1637","52","91","24","4","5258","1907","1446","56","84","21","5","1166","381","1678","54","111","25","7","1141","103","2083","47","107","26","7","109800","44700","2548","43","98","34","7","40823","16248","65134","1814","3888","1102","281","1677","848"
"2020-09-17","5512","103","329","93","27","22066","7202","1260","32","87","29","11","259654","105459","3904","77","238","60","21","18656","7302","7546","111","262","118","27","211235","77756","2459","62","127","38","8","87199","29668","1733","51","86","27","5","25805","10142","5756","137","358","110","21","28044","12794","6877","68","160","66","15","178","62","2653","65","85","26","10","3907","1565","1738","62","94","31","9","587","138","1668","52","91","24","4","5316","1917","1466","57","85","22","5","1195","388","1717","55","112","27","8","1167","103","2135","47","108","26","7","111325","45248","2578","43","98","35","8","41373","16460","65821","1831","3898","1106","276","1792","895"
"2020-09-18","5543","103","330","94","28","22546","7398","1278","34","89","29","9","262254","106432","3946","77","239","61","21","18780","7367","7584","112","263","118","27","212624","78111","2473","63","128","39","8","88397","30106","1749","51","86","27","5","26034","10187","5783","139","360","110","21","28381","12887","6899","70","160","67","15","180","62","2674","65","85","26","10","3987","1586","1753","62","94","31","9","603","147","1689","52","92","24","4","5435","1985","1479","58","85","22","5","1234","398","1742","57","114","29","9","1193","104","2170","47","108","26","7","113179","45955","2592","44","98","36","8","41905","16628","66539","1849","3920","1121","286","1950","966"
"2020-09-20","5606","103","330","96","28","23204","7562","1292","34","89","29","9","266009","108033","3986","77","243","62","22","18916","7428","7632","114","265","119","27","217434","79838","2495","64","128","39","8","89214","30339","1772","53","85","27","5","26426","10292","5827","139","360","110","21","28724","13009","6928","70","161","67","15","180","62","2707","65","88","26","10","4088","1625","1784","63","96","32","9","638","166","1719","53","93","24","4","5649","2088","1510","59","85","23","5","1260","409","1784","58","115","29","9","1193","104","2210","48","109","26","7","115556","46800","2621","44","98","36","8","42168","16739","67399","1859","3951","1125","284","2011","984"
"2020-09-21","5630","104","331","98","29","23452","7587","1301","34","89","29","9","267312","108528","4008","78","244","63","22","19008","7471","7671","117","266","119","27","219107","80391","2505","65","129","40","8","90386","30744","1788","53","85","27","5","26601","10333","5845","140","360","110","21","28963","13079","6956","72","161","68","16","180","62","2733","66","88","26","10","4133","1659","1790","63","96","33","10","684","170","1736","53","93","24","4","5741","2128","1523","62","85","23","5","1302","429","1794","59","115","29","9","1193","104","2229","49","109","27","8","116678","47052","2640","45","101","36","8","42437","16819","67801","1873","3979","1133","284","2159","1050"
"2020-09-22","5658","106","332","99","28","23871","7692","1320","36","89","29","7","269157","109323","4032","81","245","63","22","19254","7559","7702","120","267","120","27","221585","81064","2534","66","129","40","8","91709","31170","1820","53","86","28","6","26811","10401","5863","142","360","110","20","29177","13163","6975","73","161","68","15","180","62","2744","67","88","27","10","4215","1680","1806","63","96","33","10","691","175","1745","53","94","25","5","5867","2213","1534","63","86","23","5","1320","436","1817","59","116","29","9","1204","108","2241","49","109","27","8","118225","47545","2659","45","101","36","8","43126","17050","68427","1901","4006","1141","288","2374","1105"
"2020-09-23","5697","106","339","99","28","24370","7822","1334","36","91","29","7","271572","110126","4061","83","247","63","22","19405","7621","7728","123","269","121","27","222947","81445","2559","67","129","41","9","93030","31652","1827","54","86","28","6","26985","10457","5880","144","362","110","20","29479","13277","7001","73","161","68","15","185","63","2765","68","90","27","10","4259","1694","1847","63","98","33","10","730","195","1765","55","96","25","5","5993","2241","1553","65","87","24","5","1336","451","1832","59","116","29","9","1270","110","2259","49","109","27","8","119644","48016","2680","47","101","36","7","43801","17295","69018","1919","4027","1155","291","2447","1129"
"2020-09-25","5752","109","343","101","28","25315","8115","1370","37","93","31","6","276061","112077","4136","87","250","65","22","19784","7768","7787","125","273","123","27","226687","82675","2610","69","133","42","9","95673","32531","1874","54","87","28","6","27419","10552","5919","146","366","111","20","30024","13454","7059","75","161","70","16","185","63","2806","72","92","27","9","4371","1749","1898","64","100","33","9","773","211","1785","56","97","27","5","6171","2339","1580","68","89","24","5","1359","464","1881","61","119","31","9","1340","123","2312","49","109","27","8","122888","49008","2712","47","105","36","7","44724","17603","70260","1976","4060","1177","301","2731","1237"
"2020-09-26","5766","110","344","101","28","25666","8203","1387","38","94","32","6","278033","112789","4164","87","250","65","22","19911","7827","7818","125","274","123","27","228407","83214","2630","71","134","42","9","96325","32765","1885","54","88","28","6","27511","10576","5928","148","367","111","20","30300","13556","7073","75","162","70","16","185","63","2818","73","92","27","9","4379","1752","1912","64","100","33","9","786","223","1816","56","97","27","5","6240","2375","1591","68","89","24","5","1370","469","1899","62","119","31","9","1345","123","2331","50","109","27","8","124440","49492","2724","50","105","36","7","44899","17680","70916","2033","4077","1188","302","2826","1299"
"2020-09-27","5787","110","344","101","28","25770","8231","1399","38","94","32","6","279366","113402","4178","88","250","65","22","19928","7843","7832","127","274","123","27","229437","83573","2641","72","134","42","9","96596","32820","1898","54","90","28","6","27582","10608","5941","149","368","112","21","30326","13578","7084","75","163","71","17","185","63","2826","76","92","27","9","4392","1760","1931","65","100","33","9","792","229","1825","56","98","27","5","6266","2399","1604","68","89","24","5","1373","471","1916","63","120","31","9","1347","125","2354","52","110","28","9","125470","49882","2734","50","105","36","7","44923","17704","71336","2083","4087","1189","302","2814","1277"
"2020-09-28","5805","111","345","102","27","26159","8325","1412","38","94","32","6","280602","113904","4197","89","252","66","22","20192","7957","7847","128","274","123","26","230102","83791","2655","74","135","42","9","98080","33289","1909","54","90","28","6","27647","10638","5963","150","369","113","22","30614","13671","7105","78","167","73","16","185","63","2836","77","93","28","9","4424","1784","1954","65","104","33","9","802","239","1836","57","98","27","5","6344","2458","1615","70","90","24","5","1380","476","1935","63","122","32","10","1360","125","2376","54","113","29","9","126784","50281","2760","52","105","37","7","45575","17934","71868","2104","4090","1196","301","3029","1370"
"2020-09-29","5829","114","344","102","27","26505","8446","1428","39","94","32","6","282899","114892","4218","91","253","66","22","20455","8068","7881","130","277","124","25","231646","84493","2677","74","136","42","9","99804","33634","1932","54","90","28","6","27844","10729","5987","150","369","113","20","30885","13801","7130","78","168","74","17","189","67","2850","79","92","28","9","4464","1814","1965","65","104","33","9","823","247","1863","59","98","28","5","6440","2510","1637","71","90","24","5","1396","492","1953","64","123","31","9","1399","136","2400","55","113","30","10","128214","50705","2782","53","105","37","7","45954","18072","72534","2140","4117","1207","299","3152","1418"
"2020-09-30","5845","114","345","102","27","26871","8550","1435","39","95","32","6","285208","115786","4241","93","254","68","23","20532","8122","7918","131","277","126","26","232857","84970","2692","76","137","42","9","101639","34014","1946","56","90","29","6","27988","10779","6004","152","369","113","20","31110","13904","7157","79","168","75","16","189","67","2866","82","95","30","10","4482","1829","1976","65","107","33","9","831","253","1883","60","100","29","5","6500","2558","1652","75","90","24","5","1408","500","1975","66","126","31","9","1463","142","2415","58","117","31","11","129595","51176","2809","57","105","37","7","46405","18257","73150","2232","4131","1210","298","3175","1437"
"2020-10-01","5880","114","346","102","27","27397","8701","1449","39","95","32","6","287472","116676","4256","93","256","69","23","20654","8171","7960","134","279","128","26","234887","85766","2723","77","138","43","9","103194","34346","1966","57","90","29","5","28125","10853","6024","152","370","113","20","31339","13985","7174","79","168","75","16","191","69","2886","84","97","30","10","4526","1861","1998","67","108","33","9","842","264","1890","60","99","29","5","6561","2595","1668","75","90","24","5","1415","507","1992","66","126","31","9","1483","144","2436","59","117","31","10","130901","51603","2837","57","106","37","7","46789","18401","73749","2277","4150","1224","299","3271","1472"
"2020-10-03","5931","115","346","103","27","28477","9060","1476","40","96","33","5","291240","118434","4290","94","254","69","24","20899","8288","8030","135","281","130","27","238048","86993","2765","79","140","44","10","106108","34964","1989","57","90","29","5","28410","11014","6062","153","370","113","20","31767","14205","7221","82","169","75","15","191","69","2922","85","100","31","10","4575","1904","2040","68","108","33","9","856","274","1942","63","99","29","5","6685","2651","1703","75","92","24","5","1437","525","2028","69","125","31","8","1513","146","2501","60","119","31","10","133312","52266","2869","59","109","37","7","47343","18637","74970","2321","4191","1233","296","3518","1559"
"2020-10-04","5952","117","346","104","27","28644","9079","1484","42","96","33","5","292592","119101","4324","94","255","69","24","20925","8308","8059","136","281","130","27","238822","87243","2775","80","141","44","10","106622","34995","2003","57","90","29","5","28503","11086","6078","153","371","113","20","31906","14277","7236","84","168","76","15","191","69","2939","86","100","31","10","4593","1920","2054","69","108","33","9","863","280","1957","65","100","29","5","6717","2672","1718","75","92","24","5","1444","532","2041","70","125","31","8","1513","146","2512","62","120","31","10","134193","52610","2888","60","109","37","7","47354","18648","75252","2362","4210","1237","292","3548","1584"
"2020-10-05","5965","118","346","104","27","29260","9210","1501","43","97","33","4","294109","119689","4336","94","255","69","24","21081","8357","8083","143","281","132","26","240012","87691","2799","82","141","45","10","108473","35450","2014","58","90","29","5","28616","11122","6091","154","372","114","21","32168","14347","7245","84","169","76","15","191","69","2950","87","101","31","10","4609","1930","2069","69","108","33","9","874","283","1966","68","100","29","5","6799","2712","1736","76","94","24","5","1455","539","2063","70","125","31","8","1565","151","2533","63","120","31","10","135334","52895","2904","61","109","37","7","47889","18846","75701","2401","4223","1249","292","3729","1649"
"2020-10-06","5982","119","346","105","27","29944","9445","1512","43","98","33","4","296511","120599","4359","98","255","71","22","21231","8431","8113","146","282","133","26","241529","88118","2820","82","141","45","10","110404","35830","2025","59","92","29","5","28784","11188","6106","154","373","114","21","32373","14417","7258","85","169","76","15","191","69","2966","91","101","32","9","4620","1940","2078","71","110","34","10","891","297","1978","70","100","29","5","6852","2741","1751","77","94","24","5","1462","544","2083","72","125","31","8","1604","154","2552","63","120","31","10","136726","53318","2915","61","109","37","7","48387","19007","76341","2431","4241","1258","293","3810","1677"
"2020-10-07","6001","120","348","106","27","29944","9445","1530","43","98","33","4","296511","120599","4380","101","256","72","22","21231","8431","8147","147","281","133","26","241529","88118","2837","83","143","45","10","110404","35830","2040","59","94","29","5","28784","11188","6129","157","373","114","21","32373","14417","7286","87","170","76","13","191","69","2982","91","102","33","10","4620","1940","2098","72","111","34","10","891","297","1991","75","101","29","4","6852","2741","1770","78","96","24","5","1462","544","2104","75","127","32","9","1604","154","2578","64","121","31","10","136726","53318","2942","64","111","37","7","48387","19007","76980","2469","4265","1268","291","3810","1677"
"2020-10-08","6024","122","348","106","27","30716","9681","1549","43","99","34","4","298944","121484","4409","101","256","72","22","21429","8540","8194","148","282","133","25","242983","88628","2861","84","143","47","11","112492","36250","2051","61","94","29","5","28972","11269","6161","158","373","113","20","32591","14504","7302","87","171","76","13","200","69","3008","92","102","34","10","4652","1963","2125","74","112","35","11","905","307","2011","77","104","29","4","6920","2765","1798","78","97","24","4","1478","554","2125","77","128","32","9","1635","158","2605","65","122","31","10","137980","53686","2965","65","111","37","7","48810","19141","77544","2521","4276","1283","288","3877","1703"
"2020-10-09","6045","122","351","106","27","31282","9816","1579","43","99","34","4","301050","122288","4440","102","257","72","21","21659","8645","8233","149","282","134","25","244328","89056","2890","85","144","48","11","113860","36608","2077","62","95","29","5","29079","11336","6199","158","376","113","19","32817","14609","7324","87","171","76","13","200","69","3026","92","103","34","10","4678","1985","2173","74","112","35","11","923","324","2027","77","104","29","4","6999","2808","1850","80","97","25","4","1488","563","2162","77","128","34","11","1671","163","2640","65","123","31","10","139356","54082","3007","66","114","37","7","49154","19290","77934","2562","4289","1296","293","3976","1761"
"2020-10-11","6078","122","353","106","27","32232","10165","1640","45","99","34","4","305000","123749","4502","102","259","73","22","21959","8794","8312","151","284","134","24","247369","90070","2932","88","145","48","11","116291","37163","2110","64","95","29","4","29432","11501","6239","160","376","114","19","33025","14729","7377","88","172","76","13","201","70","3061","93","104","35","10","4698","2004","2235","75","113","35","11","945","341","2081","79","104","29","4","7080","2866","1874","80","98","25","4","1509","574","2223","78","128","34","11","1707","167","2694","68","124","31","10","141951","54776","3053","69","116","38","7","49617","19460","78579","2632","4313","1309","287","4265","1912"
"2020-10-12","6094","122","353","105","26","32438","10205","1647","45","99","34","4","306174","124322","4531","105","258","74","23","21982","8813","8351","152","286","134","24","247809","90265","2950","90","147","48","11","116824","37270","2131","65","95","29","4","29522","11570","6291","161","376","114","19","33096","14775","7405","88","172","76","13","201","70","3070","93","104","35","10","4722","2028","2248","77","113","35","10","960","356","2097","82","103","29","3","7108","2890","1890","81","98","25","4","1513","578","2235","79","128","34","11","1707","167","2731","68","124","31","10","142857","55079","3079","70","116","38","7","49656","19497","78739","2671","4319","1311","285","4326","1973"
"2020-10-13","6127","123","355","106","26","32881","10308","1668","47","101","35","4","307170","124707","4559","106","259","74","23","22046","8866","8379","153","286","135","25","248397","90483","2978","91","147","48","11","117914","37423","2168","66","94","29","4","29631","11637","6310","165","378","114","18","33218","14831","7443","89","172","76","13","201","70","3094","95","105","35","9","4748","2050","2273","79","114","35","10","968","364","2122","84","102","29","3","7164","2919","1909","81","99","25","4","1522","587","2261","84","128","36","11","1711","171","2782","70","125","32","10","143632","55203","3110","72","117","38","7","49685","19522","79051","2695","4322","1315","285","4376","1993"
"2020-10-14","6147","125","355","108","26","33322","10377","1699","47","101","35","4","308750","125251","4581","108","260","76","23","22102","8903","8409","156","286","140","27","250055","91048","3007","92","152","48","10","119894","38002","2192","66","96","29","4","29753","11708","6334","167","379","115","19","33392","14886","7461","89","172","76","13","201","70","3122","96","106","35","9","4767","2065","2292","80","114","35","10","986","378","2143","84","103","29","3","7188","2941","1936","84","101","26","4","1540","604","2317","85","128","36","11","1722","173","2812","71","126","33","11","144647","55532","3130","74","118","38","7","50228","19727","79477","2728","4345","1323","285","4517","2086"
"2020-10-15","6167","127","358","108","25","33602","10460","1737","47","102","35","4","310664","125872","4608","108","261","77","23","22486","9017","8435","157","287","141","28","251632","91492","3031","93","154","49","10","121385","38297","2223","67","97","30","4","30003","11798","6351","169","379","116","19","33707","14993","7494","89","173","76","13","201","70","3141","96","106","35","9","4786","2080","2320","81","114","36","11","1001","386","2170","86","105","29","3","7260","2981","1950","86","101","26","3","1554","613","2345","86","128","36","11","1772","185","2839","72","127","35","12","146162","55975","3210","75","119","38","7","50674","19827","79868","2772","4359","1326","281","4636","2143"
"2020-10-17","6207","130","358","108","24","34469","10714","1791","49","102","36","5","315685","127654","4649","112","260","77","22","23153","9249","8505","158","295","143","29","254456","92328","3114","95","156","49","9","125226","39099","2271","69","98","31","5","30458","11913","6376","172","381","116","18","34346","15174","7547","90","174","76","13","201","70","3171","96","108","35","9","4919","2135","2365","83","116","36","11","1075","406","2199","87","107","29","2","7403","3055","2002","86","104","26","3","1604","628","2420","87","128","36","10","1850","194","2898","74","128","36","13","149595","56826","3281","77","121","39","7","51556","20121","80655","2843","4395","1337","283","4948","2315"
"2020-10-18","1199","28","71","24","7","6297","1626","335","6","20","7","1","94813","31185","850","17","41","13","4","6159","2129","1636","26","55","26","9","72473","22372","587","21","29","12","1","21783","5058","411","8","19","3","1","9295","3684","1237","34","67","18","1","8418","3696","1355","19","35","11","3","57","28","569","17","21","10","3","102","26","442","17","22","6","2","19","5","418","11","21","5","1","407","140","397","14","12","7","2","42","21","450","19","23","3","1","483","26","518","10","20","2","0","22922","6417","639","16","30","11","2","12029","3785","15044","520","824","243","55","162","48"
"2020-10-18","6224","130","360","108","24","34967","10845","1805","50","102","36","5","318881","128711","4670","112","260","77","22","23542","9401","8551","161","296","143","29","256953","93024","3154","95","157","49","9","126840","39514","2287","69","98","31","5","30845","12034","6396","173","381","116","18","34715","15368","7563","91","174","76","13","201","70","3189","97","108","35","9","4987","2171","2390","83","116","36","11","1138","427","2214","88","107","29","2","7490","3104","2021","86","104","26","3","1644","642","2439","87","128","36","10","1850","194","2926","75","129","36","13","151433","57283","3300","79","121","40","7","51765","20208","80839","2870","4403","1338","283","5061","2365"
"2020-10-18","6224","130","360","108","24","34967","10845","1805","50","102","36","5","318881","128711","4670","112","260","77","22","23542","9401","8551","161","296","143","29","256953","93024","3154","95","157","49","9","126840","39514","2287","69","98","31","5","30845","12034","6396","173","381","116","18","34715","15368","7563","91","174","76","13","201","70","3189","97","108","35","9","4987","2171","2390","83","116","36","11","1138","427","2214","88","107","29","2","7490","3104","2021","86","104","26","3","1644","642","2439","87","128","36","10","1850","194","2926","75","129","36","13","151433","57283","3300","79","121","40","7","51765","20208","80839","2870","4403","1338","283","5061","2365"
"2020-10-19","6256","131","360","109","25","35005","10850","1819","51","103","36","5","319470","128924","4712","114","262","78","23","23551","9407","8575","162","299","144","29","257332","93132","3173","98","158","50","9","127179","39629","2298","69","98","32","6","30875","12047","6420","174","385","116","17","34809","15399","7571","91","174","76","13","201","70","3207","98","109","36","9","4989","2173","2407","83","117","37","12","1146","431","2225","89","108","29","2","7522","3133","2033","87","106","27","4","1648","646","2472","89","130","36","10","1856","195","2941","76","130","36","13","151794","57405","3314","79","121","40","7","51823","20231","81102","2902","4413","1348","285","5159","2423"
"2020-10-21","6308","133","363","111","26","36218","11155","1866","52","105","36","5","325183","130409","4775","118","267","78","23","24653","9752","8630","163","301","144","28","261496","94037","3222","100","160","52","10","133071","40974","2347","72","100","32","6","31378","12211","6471","178","385","116","18","35583","15635","7611","92","176","76","13","203","72","3240","98","109","36","9","5057","2219","2436","85","117","37","12","1172","441","2242","91","108","30","3","7663","3191","2058","88","106","27","4","1673","658","2560","94","131","37","10","1976","209","2991","80","134","36","11","154762","58331","3347","80","124","40","7","52926","20593","81824","2979","4459","1362","289","5447","2568"
"2020-10-22","6333","133","365","111","26","36663","11273","1880","52","105","36","5","327389","131021","4796","118","267","78","23","24956","9862","8654","166","305","144","28","264648","94446","3240","100","160","52","10","135292","41368","2358","73","100","32","5","31495","12247","6508","180","386","117","18","35759","15713","7630","93","176","76","13","204","73","3253","98","109","36","9","5077","2234","2450","87","118","37","12","1176","444","2253","92","108","30","3","7717","3206","2068","88","106","27","4","1677","661","2581","94","132","37","10","2031","213","3014","82","134","36","11","156261","58716","3364","82","124","41","7","53168","20660","82112","3017","4477","1369","291","5532","2598"
"2020-10-23","6350","134","365","111","26","36920","11299","1900","54","105","37","6","329598","131656","4813","119","269","79","23","25234","9977","8673","166","305","144","28","266974","94841","3259","100","160","52","9","136814","41669","2368","76","101","34","6","31741","12324","6524","180","386","117","17","35889","15781","7648","94","176","76","13","204","73","3276","98","111","36","9","5090","2246","2498","89","118","37","12","1176","444","2275","92","108","30","3","7765","3230","2077","89","107","27","4","1692","672","2600","96","133","37","10","2046","214","3031","84","135","37","11","157979","59088","3387","83","128","41","7","54165","20787","82400","3054","4488","1375","289","5614","2630"
"2020-10-24","6372","134","365","111","26","37258","11360","1913","54","105","37","6","331174","132142","4833","119","270","79","23","25323","9995","8687","167","306","144","28","269809","95095","3273","101","160","52","9","137573","41836","2382","79","102","34","6","31839","12372","6542","181","388","117","17","36072","15861","7664","95","176","76","13","204","73","3303","98","111","36","9","5098","2253","2515","90","119","37","12","1180","448","2287","93","109","30","3","7797","3255","2087","90","108","27","4","1703","683","2622","97","134","37","10","2054","214","3057","85","135","37","10","159115","59301","3395","84","131","41","7","54828","20854","82611","3081","4504","1378","289","5702","2651"
"2020-10-25","6403","135","365","112","27","37364","11372","1927","56","106","37","6","332228","132597","4874","119","271","79","23","25391","10063","8708","167","306","144","28","271457","95262","3296","102","160","52","9","138079","41953","2390","81","102","34","6","31947","12463","6571","182","389","117","17","36189","15965","7673","95","177","76","13","204","73","3327","100","112","37","9","5110","2265","2546","90","119","37","12","1181","448","2312","94","109","30","3","7809","3266","2103","90","108","27","4","1722","702","2643","97","134","37","10","2054","214","3086","85","135","37","10","160341","59664","3427","85","131","42","7","54886","20912","82702","3105","4511","1381","287","5734","2660"
"2020-10-26","6457","137","364","112","27","37860","11448","1940","58","107","37","6","334120","133001","4941","121","276","79","23","25862","10231","8754","168","308","145","27","272346","95512","3340","106","160","53","9","139887","42285","2410","82","104","34","6","32216","12550","6605","184","389","118","16","36442","16045","7691","96","177","77","14","227","73","3357","103","113","38","9","5147","2275","2575","94","120","40","13","1190","450","2327","96","109","30","3","7858","3278","2128","91","110","27","4","1733","708","2666","99","136","38","10","2077","217","3117","86","136","37","9","161271","59855","3450","88","133","43","7","55250","21015","82745","3138","4516","1386","282","5811","2690"
"2020-10-27","6487","137","365","113","28","38330","11530","1962","61","107","38","6","336275","133393","4997","122","278","79","23","26163","10301","8777","171","310","147","27","274040","95822","3382","107","160","53","9","141318","42507","2433","83","104","35","6","32493","12614","6636","187","389","120","16","36770","16129","7717","99","178","80","15","227","73","3372","103","114","38","9","5181","2282","2597","95","120","40","13","1211","455","2356","96","109","31","4","7955","3304","2147","91","111","27","4","1765","714","2686","100","136","38","9","2114","220","3148","86","136","38","10","162560","60150","3470","87","134","43","7","55706","21118","82934","3171","4533","1396","282","5896","2727"
"2020-10-28","6525","140","364","114","27","38881","11614","1977","62","108","38","6","338844","133946","5048","123","278","79","23","26337","10342","8814","172","311","147","27","275873","96109","3419","108","161","53","9","142769","42713","2462","83","104","35","6","32833","12669","6659","190","388","121","15","37197","16213","7752","101","178","81","15","249","76","3388","102","114","39","10","5282","2303","2622","98","120","41","13","1288","465","2386","98","110","31","4","8058","3344","2176","95","112","28","4","1855","723","2726","102","136","38","9","2167","224","3169","86","139","38","10","163709","60444","3497","87","135","43","7","56068","21207","83122","3185","4553","1402","282","5964","2764"
"2020-10-29","6544","140","366","115","28","39352","11671","1994","63","108","38","6","341234","134470","5089","123","279","80","24","26535","10379","8848","173","311","149","28","277503","96459","3439","109","162","53","9","144206","42867","2482","84","105","35","6","33222","12730","6687","191","390","121","15","37556","16306","7768","103","179","81","15","249","76","3409","102","114","39","10","5464","2319","2636","98","121","41","13","1343","471","2415","99","110","31","4","8182","3367","2189","97","114","29","5","1910","724","2746","102","138","38","9","2199","227","3194","89","139","38","10","165218","60803","3510","87","136","43","7","56353","21276","83304","3211","4563","1411","283","6033","2788"
"2020-10-30","6558","143","366","118","29","39820","11720","2016","64","107","38","6","343375","134839","5108","123","281","80","23","26844","10466","8866","173","311","149","28","278822","96669","3456","109","162","53","9","145631","43094","2505","87","105","35","6","33483","12790","6698","193","391","121","15","37844","16351","7775","104","179","81","15","249","76","3416","103","115","40","11","5527","2322","2650","102","122","41","13","1384","478","2427","99","110","31","4","8222","3389","2199","97","114","29","5","1932","728","2762","104","140","39","9","2235","231","3216","89","139","38","10","166635","61104","3526","87","137","43","7","56643","21358","83580","3230","4587","1416","283","6110","2813"
"2020-10-31","6566","143","369","118","29","40109","11776","2031","64","107","38","6","344905","135163","5119","123","282","80","23","27036","10490","8885","174","312","150","28","280021","96824","3477","109","162","53","9","146142","43173","2522","87","105","35","6","33696","12828","6719","193","392","121","15","38226","16427","7794","106","179","82","15","249","76","3429","103","116","40","11","5674","2348","2658","102","122","41","13","1400","484","2435","99","110","31","4","8242","3404","2206","98","114","29","5","1971","733","2776","104","141","39","9","2237","231","3231","91","139","38","9","168119","61429","3554","87","138","43","7","56840","21393","83797","3242","4598","1417","284","6192","2837"
"2020-11-01","6573","143","369","118","29","40250","11790","2043","64","107","38","6","345997","135430","5132","123","283","80","23","27110","10505","8898","174","312","150","28","281092","96951","3486","109","162","53","9","146733","43232","2528","88","105","35","6","33867","12861","6732","193","393","121","15","38421","16455","7799","108","179","82","14","249","76","3433","103","116","40","11","5751","2363","2665","104","122","41","13","1431","492","2441","99","110","31","4","8356","3418","2215","98","114","30","6","1982","736","2790","104","141","39","9","2237","231","3234","91","140","38","9","168681","61630","3568","87","138","43","7","56862","21398","83920","3257","4604","1417","283","6261","2848"
"2020-11-02","6586","146","369","118","28","40771","11847","2061","65","107","38","5","347634","135737","5151","126","284","80","22","27364","10552","8914","177","312","151","26","282182","97134","3513","109","162","53","9","148502","43578","2540","88","106","35","6","34038","12929","6748","194","393","122","15","38609","16494","7820","109","179","82","14","269","79","3450","104","116","41","10","5773","2366","2677","105","122","42","13","1472","505","2464","102","110","33","4","8369","3429","2229","98","114","30","6","2001","737","2799","105","141","39","9","2259","233","3254","92","143","38","9","169745","61824","3576","87","138","43","7","57272","21500","84100","3274","4610","1422","280","6284","2859"
"2020-11-03","6595","146","371","118","28","41222","11888","2079","66","109","38","5","349458","136056","5160","126","284","80","22","27727","10609","8928","177","312","151","26","283492","97331","3526","109","163","53","9","149791","43788","2555","88","106","35","6","34362","12990","6759","194","393","122","15","38826","16532","7841","111","179","83","15","287","81","3462","106","116","42","10","5852","2380","2693","106","124","42","13","1496","509","2479","103","110","33","4","8435","3434","2243","99","114","30","6","2028","740","2820","107","142","39","9","2301","237","3274","92","144","38","9","171260","62157","3591","87","139","43","7","57676","21582","84337","3290","4632","1424","281","6363","2891"
"2020-11-04","6615","147","374","118","27","41647","11923","2091","67","109","38","5","351427","136413","5188","129","287","81","22","28067","10666","8955","179","313","153","26","284915","97479","3545","109","165","53","9","150764","43997","2575","88","106","35","6","34611","13022","6775","194","397","122","15","39114","16583","7856","112","182","84","16","287","81","3474","109","117","43","9","5940","2390","2709","106","125","42","13","1538","518","2490","106","111","34","4","8524","3453","2264","100","115","31","7","2110","741","2844","107","144","39","9","2312","238","3306","93","143","38","9","172670","62482","3605","87","142","44","7","57943","21639","84526","3294","4638","1424","280","6404","2907"
"2020-11-06","6642","149","379","120","28","42363","12074","2123","67","112","38","4","355620","137511","5222","130","291","82","22","28804","10790","8996","181","315","153","26","288216","97887","3584","111","166","54","9","152949","44369","2606","92","106","35","6","35122","13102","6820","197","400","123","15","39585","16676","7893","112","183","86","18","287","81","3498","109","118","43","9","6067","2416","2734","109","127","44","12","1610","523","2513","106","111","34","4","8605","3485","2301","101","116","31","7","2311","773","2903","107","145","40","10","2389","244","3362","99","146","41","9","175525","63091","3638","88","143","44","7","58519","21764","85100","3336","4677","1444","279","6590","2967"
"2020-11-07","6666","149","380","120","28","42478","12095","2135","67","112","39","5","357538","137819","5236","131","292","82","22","28917","10822","9027","181","315","154","26","289866","98036","3596","111","168","54","9","153532","44502","2621","92","107","35","6","35350","13140","6834","197","400","123","15","39908","16736","7905","112","183","86","18","287","81","3505","109","120","43","9","6269","2426","2739","109","129","44","12","1670","532","2520","108","111","34","4","8670","3493","2306","103","116","31","7","2353","776","2926","111","145","41","10","2397","244","3378","100","146","41","9","176692","63333","3653","88","143","44","7","58695","21804","85282","3351","4681","1450","280","6662","2985"
