"Date","ConurbanoCases","ConurbanoDeaths","ConurbanoRecoveries","ConurbanoICUActive","ConurbanoICUCases","ConurbanoTotalTests","ConurbanoPositiveTests","AlmiranteBrownCases","AlmiranteBrownDeaths","AlmiranteBrownRecoveries","AlmiranteBrownICUActive","AlmiranteBrownICUCases","AlmiranteBrownTotalTests","AlmiranteBrownPositiveTests","AvellanedaCases","AvellanedaDeaths","AvellanedaRecoveries","AvellanedaICUActive","AvellanedaICUCases","AvellanedaTotalTests","AvellanedaPositiveTests","BerazateguiCases","BerazateguiDeaths","BerazateguiRecoveries","BerazateguiICUActive","BerazateguiICUCases","BerazateguiTotalTests","BerazateguiPositiveTests","BerissoCases","BerissoDeaths","BerissoRecoveries","BerissoICUActive","BerissoICUCases","BerissoTotalTests","BerissoPositiveTests","BrandsenCases","BrandsenDeaths","BrandsenRecoveries","BrandsenICUActive","BrandsenICUCases","BrandsenTotalTests","BrandsenPositiveTests","CampanaCases","CampanaDeaths","CampanaRecoveries","CampanaICUActive","CampanaICUCases","CampanaTotalTests","CampanaPositiveTests","CanuelasCases","CanuelasDeaths","CanuelasRecoveries","CanuelasICUActive","CanuelasICUCases","CanuelasTotalTests","CanuelasPositiveTests","EnsenadaCases","EnsenadaDeaths","EnsenadaRecoveries","EnsenadaICUActive","EnsenadaICUCases","EnsenadaTotalTests","EnsenadaPositiveTests","EscobarCases","EscobarDeaths","EscobarRecoveries","EscobarICUActive","EscobarICUCases","EscobarTotalTests","EscobarPositiveTests","EstebanEcheverriaCases","EstebanEcheverriaDeaths","EstebanEcheverriaRecoveries","EstebanEcheverriaICUActive","EstebanEcheverriaICUCases","EstebanEcheverriaTotalTests","EstebanEcheverriaPositiveTests","ExaltacionDeLaCruzCases","ExaltacionDeLaCruzDeaths","ExaltacionDeLaCruzRecoveries","ExaltacionDeLaCruzICUActive","ExaltacionDeLaCruzICUCases","ExaltacionDeLaCruzTotalTests","ExaltacionDeLaCruzPositiveTests","EzeizaCases","EzeizaDeaths","EzeizaRecoveries","EzeizaICUActive","EzeizaICUCases","EzeizaTotalTests","EzeizaPositiveTests","FlorencioVarelaCases","FlorencioVarelaDeaths","FlorencioVarelaRecoveries","FlorencioVarelaICUActive","FlorencioVarelaICUCases","FlorencioVarelaTotalTests","FlorencioVarelaPositiveTests","GeneralLasHerasCases","GeneralLasHerasDeaths","GeneralLasHerasRecoveries","GeneralLasHerasICUActive","GeneralLasHerasICUCases","GeneralLasHerasTotalTests","GeneralLasHerasPositiveTests","GeneralRodriguezCases","GeneralRodriguezDeaths","GeneralRodriguezRecoveries","GeneralRodriguezICUActive","GeneralRodriguezICUCases","GeneralRodriguezTotalTests","GeneralRodriguezPositiveTests","GeneralSanMartinCases","GeneralSanMartinDeaths","GeneralSanMartinRecoveries","GeneralSanMartinICUActive","GeneralSanMartinICUCases","GeneralSanMartinTotalTests","GeneralSanMartinPositiveTests","HurlinghamCases","HurlinghamDeaths","HurlinghamRecoveries","HurlinghamICUActive","HurlinghamICUCases","HurlinghamTotalTests","HurlinghamPositiveTests","ItuzaingoCases","ItuzaingoDeaths","ItuzaingoRecoveries","ItuzaingoICUActive","ItuzaingoICUCases","ItuzaingoTotalTests","ItuzaingoPositiveTests","JoseCPazCases","JoseCPazDeaths","JoseCPazRecoveries","JoseCPazICUActive","JoseCPazICUCases","JoseCPazTotalTests","JoseCPazPositiveTests","LaMatanzaCases","LaMatanzaDeaths","LaMatanzaRecoveries","LaMatanzaICUActive","LaMatanzaICUCases","LaMatanzaTotalTests","LaMatanzaPositiveTests","LanusCases","LanusDeaths","LanusRecoveries","LanusICUActive","LanusICUCases","LanusTotalTests","LanusPositiveTests","LaPlataCases","LaPlataDeaths","LaPlataRecoveries","LaPlataICUActive","LaPlataICUCases","LaPlataTotalTests","LaPlataPositiveTests","LomasDeZamoraCases","LomasDeZamoraDeaths","LomasDeZamoraRecoveries","LomasDeZamoraICUActive","LomasDeZamoraICUCases","LomasDeZamoraTotalTests","LomasDeZamoraPositiveTests","LujanCases","LujanDeaths","LujanRecoveries","LujanICUActive","LujanICUCases","LujanTotalTests","LujanPositiveTests","MarcosPazCases","MarcosPazDeaths","MarcosPazRecoveries","MarcosPazICUActive","MarcosPazICUCases","MarcosPazTotalTests","MarcosPazPositiveTests","MalvinasArgentinasCases","MalvinasArgentinasDeaths","MalvinasArgentinasRecoveries","MalvinasArgentinasICUActive","MalvinasArgentinasICUCases","MalvinasArgentinasTotalTests","MalvinasArgentinasPositiveTests","MorenoCases","MorenoDeaths","MorenoRecoveries","MorenoICUActive","MorenoICUCases","MorenoTotalTests","MorenoPositiveTests","MerloCases","MerloDeaths","MerloRecoveries","MerloICUActive","MerloICUCases","MerloTotalTests","MerloPositiveTests","MoronCases","MoronDeaths","MoronRecoveries","MoronICUActive","MoronICUCases","MoronTotalTests","MoronPositiveTests","PilarCases","PilarDeaths","PilarRecoveries","PilarICUActive","PilarICUCases","PilarTotalTests","PilarPositiveTests","PresidentePeronCases","PresidentePeronDeaths","PresidentePeronRecoveries","PresidentePeronICUActive","PresidentePeronICUCases","PresidentePeronTotalTests","PresidentePeronPositiveTests","QuilmesCases","QuilmesDeaths","QuilmesRecoveries","QuilmesICUActive","QuilmesICUCases","QuilmesTotalTests","QuilmesPositiveTests","SanFernandoCases","SanFernandoDeaths","SanFernandoRecoveries","SanFernandoICUActive","SanFernandoICUCases","SanFernandoTotalTests","SanFernandoPositiveTests","SanIsidroCases","SanIsidroDeaths","SanIsidroRecoveries","SanIsidroICUActive","SanIsidroICUCases","SanIsidroTotalTests","SanIsidroPositiveTests","SanMiguelCases","SanMiguelDeaths","SanMiguelRecoveries","SanMiguelICUActive","SanMiguelICUCases","SanMiguelTotalTests","SanMiguelPositiveTests","SanVicenteCases","SanVicenteDeaths","SanVicenteRecoveries","SanVicenteICUActive","SanVicenteICUCases","SanVicenteTotalTests","SanVicentePositiveTests","TigreCases","TigreDeaths","TigreRecoveries","TigreICUActive","TigreICUCases","TigreTotalTests","TigrePositiveTests","TresDeFebreroCases","TresDeFebreroDeaths","TresDeFebreroRecoveries","TresDeFebreroICUActive","TresDeFebreroICUCases","TresDeFebreroTotalTests","TresDeFebreroPositiveTests","VicenteLopezCases","VicenteLopezDeaths","VicenteLopezRecoveries","VicenteLopezICUActive","VicenteLopezICUCases","VicenteLopezTotalTests","VicenteLopezPositiveTests","ZarateCases","ZarateDeaths","ZarateRecoveries","ZarateICUActive","ZarateICUCases","ZarateTotalTests","ZaratePositiveTests"
2020-08-15,3900,76,3647,34,3900,0,0,201,0,186,2,3,0,0,169,6,169,0,1,0,0,111,4,111,1,3,0,0,30,0,19,2,2,0,0,10,0,3,0,0,0,0,14,0,12,-1,0,0,0,9,1,7,0,0,0,0,9,0,14,0,0,0,0,57,0,59,0,0,0,0,146,1,120,-2,0,0,0,4,0,7,0,0,0,0,72,0,47,1,1,0,0,144,2,143,1,1,0,0,3,0,6,0,0,0,0,29,0,19,0,0,0,0,190,6,147,1,2,0,0,36,1,49,0,0,0,0,64,0,51,0,0,0,0,41,2,69,1,2,0,0,588,17,558,0,1,0,0,217,7,208,-3,3,0,0,197,-1,184,2,1,0,0,41,0,17,0,0,0,0,13,0,15,0,0,0,0,134,1,83,1,1,0,0,155,3,151,0,0,0,0,153,1,117,-1,1,0,0,119,0,89,-1,0,0,0,61,1,61,-1,0,0,0,24,3,21,1,3,0,0,342,13,349,0,3,0,0,41,0,42,0,0,0,0,82,0,102,1,1,0,0,65,0,72,0,0,0,0,24,0,14,0,0,0,0,102,0,144,1,1,0,0,112,5,91,-2,3,0,0,57,3,58,-1,1,0,0,11,0,12,0,0,0,0,23,0,21,-1,0,0,0
2020-08-16,2740,30,3603,19,2740,6014,2784,200,1,193,1,1,36,24,145,1,167,0,1,103,58,110,1,140,1,1,21,9,17,0,13,-1,0,0,0,12,0,1,0,0,0,0,3,0,5,0,0,0,0,11,0,17,0,0,134,54,16,0,6,0,0,0,0,48,0,43,0,0,167,80,87,1,100,0,0,252,112,5,0,0,0,0,0,0,11,0,40,0,0,25,18,94,2,102,0,1,384,201,0,0,6,0,0,0,0,21,0,27,0,0,134,63,108,2,144,1,2,200,143,22,0,40,0,0,158,65,43,0,48,0,0,0,0,53,0,69,0,0,0,0,405,4,599,-1,0,335,171,116,4,159,0,1,1581,625,143,1,206,-1,0,236,73,27,0,24,0,0,0,0,8,0,15,0,0,0,0,44,0,78,0,0,511,206,122,0,148,1,1,19,4,102,2,111,1,4,65,30,60,1,86,0,0,406,200,73,0,81,0,0,231,53,17,0,28,0,0,4,3,258,2,369,1,2,495,416,39,1,48,0,1,48,38,61,2,91,0,1,364,93,37,0,64,0,0,51,22,14,3,8,0,0,-4,-2,82,0,128,1,1,31,13,62,2,109,1,1,1,1,40,0,60,0,0,26,11,7,0,11,0,0,0,0,17,0,19,1,1,0,0
2020-08-17,2279,53,3245,24,2279,0,0,122,2,178,1,2,0,0,90,3,143,0,1,0,0,39,0,92,0,0,0,0,12,0,14,0,0,0,0,2,0,2,0,0,0,0,11,0,6,0,0,0,0,9,0,6,0,0,0,0,10,0,13,0,0,0,0,24,4,42,0,0,0,0,43,4,82,0,1,0,0,12,0,2,0,0,0,0,49,0,58,0,0,0,0,131,0,118,0,0,0,0,1,0,6,0,0,0,0,10,0,16,0,0,0,0,98,2,157,1,1,0,0,23,1,34,0,0,0,0,16,0,31,0,0,0,0,60,0,77,0,0,0,0,337,18,473,3,6,0,0,153,2,159,-2,1,0,0,120,0,231,-1,-2,0,0,5,1,13,0,1,0,0,15,0,12,1,1,0,0,38,1,86,0,0,0,0,40,3,126,0,0,0,0,77,0,119,1,1,0,0,69,4,99,1,1,0,0,104,1,91,0,2,0,0,23,0,14,0,0,0,0,136,1,245,3,3,0,0,46,2,57,-1,1,0,0,65,2,94,1,2,0,0,46,1,83,1,1,0,0,14,0,8,0,0,0,0,90,1,86,0,0,0,0,75,0,98,0,0,0,0,43,0,49,1,1,0,0,19,0,3,0,0,0,0,2,0,22,0,0,0,0
2020-08-18,4044,120,3066,32,4044,6725,3148,226,2,189,0,0,128,74,121,4,139,1,2,107,64,127,4,87,0,1,38,7,27,4,24,-3,0,0,0,12,0,3,0,0,0,0,32,1,24,0,0,0,0,7,0,16,0,0,177,126,8,0,7,0,0,0,0,64,4,49,-1,0,89,47,144,0,109,0,0,107,51,9,1,3,0,0,0,0,52,2,40,-1,0,113,70,148,4,132,0,1,729,329,18,0,9,0,0,0,0,37,2,20,0,0,75,39,137,1,130,3,4,159,83,63,3,40,-1,0,186,115,60,1,50,1,1,0,0,167,2,85,0,0,0,0,490,16,357,-2,2,292,158,142,5,113,-2,1,1097,423,172,10,162,1,2,224,76,38,2,24,1,1,0,0,17,0,13,0,0,1,0,113,0,86,0,0,1176,522,183,8,85,-2,1,25,9,112,5,82,-1,0,121,45,101,1,66,1,1,606,270,97,3,76,0,1,267,79,22,0,23,0,0,14,10,327,7,307,1,1,295,253,61,0,51,1,1,60,46,120,8,79,2,5,365,138,130,4,80,0,0,234,102,52,1,42,0,0,0,0,147,7,100,-1,0,19,12,106,6,93,0,2,0,0,75,1,44,1,2,21,0,57,0,16,2,3,0,0,23,1,11,0,0,0,0
2020-08-19,3862,197,2922,69,3862,3942,2070,240,4,193,1,2,105,58,136,6,137,0,3,56,34,81,7,81,0,3,12,4,15,0,20,-2,0,0,0,10,0,5,0,0,0,0,40,2,10,0,1,0,0,7,0,15,0,0,32,27,11,0,9,0,1,0,0,46,1,37,-1,0,124,31,176,4,82,0,1,160,106,1,0,3,0,0,0,0,60,0,22,0,0,30,20,145,2,113,1,1,379,171,8,3,-2,0,0,0,0,49,0,19,1,1,108,63,162,6,125,0,4,175,91,51,0,43,3,3,143,100,37,8,31,-1,0,0,0,84,3,48,0,0,0,0,486,70,374,2,16,150,106,160,5,127,2,3,740,276,141,-2,149,0,1,122,43,45,0,28,0,0,0,0,12,0,14,0,0,0,0,172,2,74,-1,1,488,303,101,5,93,0,0,26,13,185,4,128,1,4,61,27,64,13,61,-1,0,215,107,84,3,90,0,1,52,29,36,1,23,0,0,5,3,395,22,284,1,6,288,256,68,4,33,0,0,55,39,107,2,102,0,2,166,45,94,2,58,0,1,188,90,16,1,23,-2,0,0,0,111,10,88,2,7,1,0,118,7,93,2,6,4,4,72,1,55,-1,1,57,24,14,0,21,0,0,0,0,22,1,13,-2,0,0,0
2020-08-20,4466,94,3684,36,4466,4358,2159,231,4,214,1,3,53,38,222,2,203,0,1,93,46,129,2,120,0,0,26,8,26,0,22,0,0,0,0,6,0,7,0,0,0,0,23,1,16,0,1,0,0,27,1,14,0,0,24,8,14,0,8,0,0,0,0,47,0,72,1,1,68,23,157,3,125,0,1,100,52,14,0,11,0,0,1,0,62,1,53,0,0,57,33,134,5,123,0,1,482,200,3,2,10,0,0,0,0,27,0,34,0,0,90,36,206,0,146,2,3,104,79,61,0,49,0,0,157,78,33,2,33,-2,0,1,0,131,1,78,1,1,0,0,665,18,550,0,3,255,119,172,3,185,0,0,812,371,269,7,169,2,5,178,93,39,0,14,0,0,0,0,7,0,12,0,0,0,0,144,7,71,0,0,523,327,171,1,149,0,0,44,18,168,1,135,-1,0,98,38,99,1,92,2,2,217,92,112,0,98,0,1,148,48,23,2,13,-2,0,11,8,354,11,308,2,7,288,237,58,2,56,0,1,45,35,136,1,100,0,0,299,81,104,2,89,0,1,131,63,11,0,10,0,0,0,0,137,2,115,-1,0,10,4,116,8,87,1,2,6,4,86,1,56,2,2,37,20,19,0,19,0,0,0,0,23,3,18,0,0,0,0
2020-08-21,4691,108,3332,46,4691,4497,2339,364,9,257,3,5,50,37,231,7,137,2,6,86,39,143,11,119,0,0,0,0,28,1,22,0,1,0,0,10,0,5,1,1,0,0,32,0,13,1,1,0,0,8,0,8,0,0,59,43,14,0,5,0,0,0,0,56,0,38,1,2,50,30,131,3,118,0,0,174,95,10,0,4,-1,0,0,0,70,0,45,0,0,38,26,173,2,131,0,1,482,222,6,0,7,0,0,0,0,42,-1,19,0,0,97,53,191,0,129,0,0,180,106,52,1,35,0,0,273,159,56,3,35,0,0,0,0,88,9,57,0,1,0,0,537,4,448,0,5,205,104,224,6,135,-1,2,1040,453,239,-3,161,2,-1,74,28,56,4,26,2,2,0,0,21,0,16,0,0,0,0,147,5,88,0,1,383,261,185,3,133,1,1,22,8,154,17,108,-2,0,67,17,94,3,66,2,2,216,96,106,2,93,0,1,129,40,35,0,29,0,0,3,1,459,4,310,1,1,330,251,78,0,47,1,1,52,38,114,2,92,-1,0,229,87,112,2,77,1,3,152,90,37,0,25,1,1,0,0,153,2,108,4,4,37,22,117,3,98,1,2,-1,-1,85,3,63,0,1,70,34,21,2,12,0,0,0,0,12,4,13,0,2,0,0
2020-08-22,4327,66,3193,43,4327,3907,1901,311,5,187,1,2,18,15,141,0,119,0,0,67,34,148,1,82,0,0,33,9,54,1,22,2,3,0,0,2,0,1,0,0,0,0,18,1,13,-1,0,0,0,9,0,7,0,0,196,105,15,0,10,1,1,0,0,50,0,39,0,0,60,21,136,0,103,-1,0,101,49,12,0,5,0,0,0,0,56,0,40,-1,0,59,41,175,1,99,2,2,527,235,7,0,7,0,0,0,0,34,3,26,0,0,38,18,167,2,146,1,2,90,65,52,2,48,2,2,163,102,58,1,29,1,1,0,0,102,1,60,1,1,0,0,597,8,528,1,2,139,68,209,8,107,3,8,1148,500,192,-2,173,-1,0,92,30,49,0,33,0,0,0,0,27,4,12,1,1,0,0,143,0,99,0,0,323,201,182,8,123,1,2,29,16,101,5,88,2,4,5,1,143,5,90,0,2,196,80,100,0,71,1,1,140,45,48,0,23,1,1,0,0,285,0,242,0,0,189,150,72,1,42,0,0,42,26,93,4,83,0,2,103,12,98,1,82,1,1,100,59,65,0,35,0,0,0,0,151,3,151,-1,2,33,18,116,1,83,1,1,2,0,60,1,64,0,2,14,1,22,1,7,0,0,0,0,27,0,14,0,0,0,0
2020-08-23,2477,93,2816,12,2477,2008,1052,107,11,140,-1,0,1,0,88,4,92,0,0,81,38,62,4,91,0,0,0,0,23,0,15,1,1,0,0,-5,0,2,0,0,0,0,17,0,12,0,0,0,0,9,0,12,0,0,93,55,2,0,13,0,0,0,0,59,0,50,0,0,85,58,105,6,118,0,0,85,36,2,0,4,0,0,0,0,18,3,49,-1,0,3,3,61,9,101,-2,1,38,15,0,0,4,0,0,0,0,24,1,23,0,1,41,15,118,0,109,0,0,103,29,25,0,31,0,0,29,19,28,2,46,0,0,0,0,54,0,60,0,0,0,0,382,6,469,-1,0,99,85,101,2,91,-1,1,339,165,122,29,132,0,2,71,36,29,0,26,0,0,0,0,38,1,15,0,0,-3,-2,43,0,85,0,0,81,46,58,0,103,0,0,0,0,76,1,107,-1,1,2,1,70,2,65,0,1,217,114,57,0,53,1,1,132,79,29,0,20,0,0,10,10,277,9,257,-1,0,279,167,42,1,46,0,0,31,27,59,0,55,0,0,124,39,55,1,58,0,0,17,8,19,0,16,1,1,0,0,65,0,72,0,0,0,0,114,1,92,0,1,0,0,27,0,54,1,1,50,9,7,0,10,0,0,0,0,10,0,18,0,0,0,0
2020-08-24,4975,228,3509,41,4975,3400,1637,328,39,182,-3,3,29,13,255,14,141,4,5,47,31,138,8,135,0,1,10,7,22,0,18,0,0,0,0,1,0,7,0,0,0,0,40,0,13,0,0,0,0,6,1,5,0,0,84,42,11,0,6,0,0,0,0,58,7,45,0,1,61,31,115,6,86,0,1,192,116,12,0,7,0,0,0,0,57,4,31,0,1,104,69,197,14,161,-2,1,362,155,11,0,5,0,0,0,0,44,1,29,-1,0,61,31,176,7,127,0,2,52,27,90,1,56,1,1,206,142,61,0,42,0,0,0,0,119,3,67,0,1,0,0,957,27,575,1,6,95,55,105,4,136,0,3,370,163,201,-15,158,-2,-4,200,67,40,0,30,0,0,0,0,23,6,14,-1,1,0,0,151,7,104,-2,0,480,216,250,15,122,-1,0,33,18,159,1,146,4,4,93,37,144,9,107,-1,2,284,127,89,1,92,-1,0,156,9,39,0,32,0,0,7,3,328,34,302,-1,3,207,166,67,1,52,1,1,30,15,186,3,109,0,1,110,38,89,11,51,1,2,104,43,23,2,15,0,0,0,0,147,6,142,1,1,21,15,115,6,97,1,4,1,1,79,1,38,-1,0,1,0,18,2,10,-1,0,0,0,24,2,14,-1,0,0,0
2020-08-25,4663,107,3017,49,4663,4272,2330,187,7,176,0,2,62,38,163,5,118,-1,0,78,44,161,3,60,0,0,17,7,42,0,23,4,4,0,0,6,0,1,0,0,0,0,31,1,10,0,0,0,0,21,0,16,0,0,25,12,14,0,18,0,0,0,0,92,0,38,0,0,116,70,174,5,88,2,3,124,84,7,0,6,0,0,0,0,54,0,37,0,0,37,15,153,1,117,1,2,298,126,1,0,12,0,0,0,0,33,0,24,1,1,75,43,192,7,134,-2,1,147,80,76,0,38,1,1,198,127,57,1,42,1,2,0,0,74,4,83,-1,0,0,0,543,13,426,-1,5,171,110,239,3,139,3,5,872,440,254,0,160,1,2,406,183,47,5,32,-2,1,0,0,6,1,6,0,0,0,0,233,5,118,0,1,440,305,141,9,68,3,4,19,3,208,2,100,1,3,117,58,88,2,79,-1,2,286,159,101,1,75,0,0,134,43,26,1,22,0,0,0,0,445,7,276,0,1,343,244,84,1,41,1,1,30,23,124,2,98,0,1,131,39,126,3,70,0,2,78,50,15,0,18,0,0,0,0,160,6,81,-1,1,21,10,156,5,94,0,2,0,0,96,7,46,2,2,47,17,10,0,12,0,0,0,0,23,0,15,0,0,0,0
2020-08-26,5924,170,3145,51,5924,4910,2740,310,4,138,-1,1,120,78,248,6,118,1,2,110,69,120,6,80,-1,1,0,0,42,5,15,1,2,0,0,12,0,7,0,0,0,0,40,1,19,0,0,0,0,15,0,6,0,0,42,20,56,0,10,0,0,0,0,89,3,53,0,0,109,64,221,3,95,0,0,173,96,17,0,7,0,0,0,0,122,2,37,0,0,120,72,208,1,118,2,3,319,158,2,0,3,0,0,0,0,47,0,26,0,0,131,83,235,2,127,0,2,170,98,70,3,46,0,0,152,95,85,1,43,1,2,0,0,181,4,76,0,3,0,0,780,38,556,-1,6,208,103,278,6,132,-3,0,1013,457,278,7,163,-3,3,252,123,67,0,34,1,1,0,0,15,0,19,0,0,0,0,338,5,86,0,2,863,608,154,2,119,3,4,35,6,194,1,105,1,1,58,22,130,3,63,1,2,442,246,129,1,100,2,2,13,5,30,2,23,-1,0,6,5,449,11,216,2,3,188,156,72,0,56,-1,0,40,17,161,0,81,0,1,175,62,154,1,90,0,0,136,84,30,1,18,-1,0,0,0,163,7,104,-1,0,23,9,193,29,86,1,6,3,0,85,12,43,-1,1,9,4,81,0,16,2,2,0,0,23,3,11,0,1,0,0
2020-08-27,5630,137,3015,66,5630,5312,2939,232,13,190,0,1,44,26,154,7,140,-2,2,99,51,201,2,84,1,1,36,11,37,0,25,0,1,0,0,5,1,5,-1,0,0,0,33,0,10,0,0,0,0,7,0,6,0,0,79,45,20,0,11,1,1,0,0,101,1,65,0,0,144,74,194,4,108,0,1,240,123,15,0,7,0,0,0,0,51,2,54,0,0,54,18,191,5,93,0,1,255,131,10,0,8,0,0,0,0,50,0,27,1,1,66,41,222,2,100,2,3,190,108,91,4,41,-1,1,267,167,66,1,30,-1,0,0,0,129,9,61,0,1,4,1,672,9,409,-2,5,267,112,257,25,146,-4,6,1060,499,231,4,136,-2,1,274,117,36,0,44,0,0,0,0,29,0,16,1,1,0,0,251,15,111,0,6,637,401,200,0,103,1,1,1,1,263,3,94,-1,0,74,38,122,0,77,2,2,455,256,154,0,113,4,4,115,49,38,2,15,0,0,4,0,551,1,220,2,3,438,384,96,3,31,1,2,77,48,200,5,87,0,3,127,65,186,10,90,8,13,257,150,32,4,9,-1,0,2,0,148,3,77,3,3,16,10,171,0,71,0,0,0,0,119,1,61,0,1,30,13,39,0,24,-1,0,0,0,26,1,16,1,1,0,0
2020-08-28,6620,122,3826,50,6620,4702,2705,370,4,214,0,2,69,51,307,6,185,1,1,52,24,175,2,127,-1,1,13,6,37,1,19,0,2,0,0,7,0,8,0,0,0,0,54,0,15,0,0,0,0,15,0,15,0,0,101,61,20,1,14,0,0,0,0,96,3,51,1,1,102,57,204,2,116,0,1,146,86,5,0,6,0,0,0,0,77,1,63,0,1,48,41,223,1,120,0,0,313,152,5,0,3,0,0,0,0,60,0,29,0,0,135,95,251,2,131,3,4,157,89,91,0,48,0,0,290,177,84,1,54,0,1,1,0,151,2,75,0,0,15,6,954,18,642,4,7,69,36,276,21,129,-4,2,965,507,240,7,181,1,3,238,128,59,0,48,0,0,0,0,38,0,14,0,0,0,0,183,5,105,0,2,319,226,307,2,177,1,2,3,2,206,0,129,-1,1,46,12,211,1,98,0,1,711,362,94,25,82,0,1,40,40,56,0,25,0,0,11,8,545,1,315,1,3,337,266,117,1,60,0,3,36,28,191,6,82,4,5,152,79,210,2,105,2,3,270,137,54,0,15,0,0,0,0,251,2,101,2,3,33,13,237,3,127,0,-1,0,0,112,1,66,-1,1,30,16,22,1,21,0,0,0,0,25,0,11,0,0,0,0
2020-08-29,4083,35,3721,31,4083,2886,1568,190,1,202,1,1,18,8,165,2,127,0,1,74,42,124,0,95,0,0,11,5,32,1,20,0,1,0,0,3,0,2,0,0,0,0,27,0,29,0,0,0,0,14,0,9,0,0,93,67,15,0,12,0,0,0,0,68,2,57,0,2,74,49,126,0,121,0,0,111,60,7,0,9,0,0,0,0,46,1,48,0,0,34,29,118,0,132,0,0,182,87,3,0,7,0,0,0,0,41,0,35,0,0,91,56,203,2,142,2,3,110,85,50,1,63,0,1,179,106,70,1,53,0,1,11,5,49,0,73,1,0,3,0,551,7,522,0,2,134,70,212,2,176,2,3,692,344,223,1,186,2,4,108,57,48,0,44,1,0,0,0,29,0,12,0,0,0,0,97,0,124,0,0,83,58,180,0,143,0,0,15,2,171,1,154,1,1,50,19,137,1,97,0,1,396,191,82,2,88,0,1,78,12,32,0,30,0,0,5,4,269,0,287,2,2,142,110,55,1,61,0,1,33,24,127,0,101,-1,0,48,25,84,2,107,-1,0,75,39,38,0,22,0,0,0,0,159,0,124,1,2,26,12,133,2,120,1,2,0,0,81,4,54,1,0,11,0,10,1,17,0,0,0,0,14,0,18,0,0,0,0
2020-08-30,4083,36,3722,31,4083,2885,1568,189,0,201,1,1,17,8,165,1,127,1,1,74,43,124,0,95,0,0,11,5,33,1,21,1,1,0,0,4,0,2,0,0,0,0,27,0,29,0,0,0,0,15,0,9,0,0,92,67,15,0,11,0,0,0,0,68,2,57,0,2,73,48,127,1,120,0,0,111,61,7,0,9,0,0,0,0,47,0,47,0,0,35,28,118,0,133,0,0,181,88,2,0,7,0,0,0,0,40,0,35,0,0,91,57,202,1,142,3,3,110,86,49,1,63,-1,0,178,105,70,1,53,1,0,11,5,49,1,72,0,1,4,0,552,6,522,0,3,133,70,213,2,176,2,4,691,343,223,2,187,1,3,109,58,48,0,44,0,1,0,0,30,0,12,0,0,0,0,96,1,123,0,1,83,59,179,0,143,0,0,14,2,171,1,154,1,1,50,20,136,1,97,1,1,397,190,82,1,88,0,0,78,12,33,1,30,0,1,6,3,269,1,287,2,3,143,110,55,1,61,1,1,32,24,127,1,102,0,0,47,26,83,2,106,0,0,75,40,38,0,22,0,0,0,0,159,1,124,2,2,27,12,134,2,119,2,2,0,0,81,3,54,0,1,11,0,9,0,17,0,0,0,0,14,1,19,0,0,0,0
2020-08-31,4559,117,3818,54,4559,2952,1629,253,10,197,0,2,32,21,154,6,141,0,2,48,21,114,8,129,-1,1,10,5,3,0,25,0,0,0,0,-1,0,0,0,0,0,0,42,1,12,1,1,0,0,22,0,11,0,0,37,19,1,1,12,0,0,0,0,42,1,66,-1,0,0,0,119,2,112,0,0,27,24,20,0,9,1,1,0,0,62,4,53,0,1,59,53,136,6,160,2,4,188,102,3,1,4,0,0,0,0,31,0,30,0,0,58,38,185,2,146,4,4,126,88,44,0,56,0,0,133,58,67,1,39,0,2,0,0,181,3,86,0,0,15,5,750,9,527,3,5,87,60,55,5,132,0,2,195,81,208,4,166,2,2,110,52,40,0,30,0,0,0,0,18,0,30,0,0,0,0,169,9,127,0,5,537,302,179,3,160,3,5,1,0,208,3,165,-2,1,47,11,155,3,92,-1,0,601,288,175,2,142,-1,1,193,93,24,0,29,0,0,4,3,319,8,268,-2,2,160,138,59,2,62,0,2,30,16,157,4,118,-1,3,69,44,135,5,96,-1,2,174,103,18,0,23,0,1,0,0,122,5,130,-1,0,4,2,116,2,115,1,2,0,0,85,7,77,2,3,7,2,38,0,25,0,0,0,0,51,0,16,0,0,0,0
2020-09-01,5270,132,3764,52,5270,4717,2467,265,10,222,1,2,33,27,173,5,135,1,2,157,73,127,1,90,0,0,14,4,34,1,24,2,2,0,0,8,0,1,0,0,0,0,49,1,22,0,0,1,1,21,0,13,0,0,57,36,27,0,15,0,0,0,0,85,3,68,0,1,127,60,174,1,100,1,0,164,97,6,1,10,0,0,0,0,67,0,42,0,0,50,30,149,5,121,1,3,277,132,3,0,0,0,0,0,0,52,1,36,0,0,139,55,249,7,153,-1,1,228,124,81,1,49,-1,0,207,137,74,6,57,-2,1,5,3,146,4,102,0,3,7,1,686,15,521,-3,3,194,97,244,6,180,1,4,880,434,257,4,173,1,3,216,103,35,2,36,0,1,0,0,22,0,25,0,0,0,0,217,6,111,1,3,482,319,173,5,152,-2,1,21,3,220,2,149,1,2,97,36,133,13,114,0,1,540,262,118,2,99,1,1,163,48,23,1,31,-1,0,2,0,380,3,265,-1,1,229,176,107,4,75,0,0,40,27,142,1,122,1,3,80,34,180,6,114,1,4,240,116,26,1,15,0,1,0,0,185,4,109,2,2,43,24,145,5,130,1,2,1,1,122,4,52,-1,0,23,8,35,1,16,0,1,0,0,29,1,19,1,1,0,0
2020-09-02,5269,132,3765,52,5269,4717,2467,265,9,223,1,3,32,27,173,4,134,0,2,158,73,128,1,91,0,0,15,3,35,1,25,2,3,0,0,8,0,1,0,0,0,0,49,0,21,-1,0,0,0,20,1,13,0,0,58,35,28,0,15,0,0,0,0,86,3,68,0,2,128,60,175,0,100,0,1,164,97,7,0,9,0,0,0,0,66,1,41,0,1,50,30,149,4,120,1,3,277,133,4,0,0,0,0,0,0,52,2,36,0,0,138,54,249,8,154,0,2,228,125,80,2,48,-1,0,208,136,74,6,58,-2,1,5,3,146,4,101,1,2,6,1,685,15,521,-3,3,193,97,245,7,181,0,3,880,435,256,3,173,1,2,216,103,35,2,36,0,0,0,0,23,0,24,0,0,0,0,218,7,111,1,3,482,320,173,4,153,-2,1,20,3,219,3,149,1,2,97,36,132,12,113,0,2,541,261,118,2,98,0,2,162,47,22,0,31,0,0,1,1,379,3,265,-1,2,230,176,106,4,74,0,0,41,26,143,1,121,2,3,80,35,181,6,114,2,4,240,116,26,2,14,0,0,0,0,185,3,109,2,2,44,23,145,4,129,0,2,1,1,121,5,52,-1,1,22,9,35,1,17,1,2,0,0,29,1,18,0,1,0,0
2020-09-03,5368,159,4581,83,5368,4904,2579,232,13,261,0,3,26,13,189,10,171,0,5,89,40,153,12,133,1,4,7,1,53,1,31,-1,1,0,0,3,1,4,0,0,0,0,36,0,32,0,0,2,1,19,0,16,0,1,86,39,30,0,21,0,0,0,0,90,0,60,1,2,123,66,179,10,133,0,5,114,53,14,0,5,0,0,0,0,60,3,51,0,2,24,13,156,8,130,0,3,219,117,5,0,8,0,0,0,0,62,0,42,0,0,134,49,199,3,190,-1,0,181,97,64,4,52,1,1,292,162,81,2,58,0,0,19,7,105,4,116,1,2,0,0,730,13,711,7,13,209,97,275,7,188,2,4,1022,563,244,8,238,1,6,291,139,42,0,44,0,0,0,0,15,0,20,0,0,0,0,220,7,153,0,2,568,339,208,1,195,1,0,12,2,249,1,183,0,1,95,34,144,8,118,0,2,696,337,164,1,149,0,2,87,31,45,2,32,0,1,5,3,355,25,310,-2,14,291,214,100,1,62,0,1,45,28,114,1,118,1,1,71,37,130,4,104,0,0,158,81,39,1,36,0,0,0,0,228,3,134,1,2,25,17,179,1,151,0,1,0,0,101,1,69,2,3,12,2,38,0,29,1,0,0,0,21,1,20,0,1,0,0
2020-09-04,5368,158,4580,84,5368,4904,2579,232,12,262,-1,4,26,12,188,11,171,0,6,89,40,153,11,134,0,4,7,0,52,1,31,0,1,0,0,2,0,3,0,1,0,0,35,0,32,0,0,3,1,19,0,16,1,0,87,39,30,0,22,0,0,0,0,89,0,60,2,1,123,65,178,9,133,-1,4,114,52,14,0,5,0,0,0,0,59,4,50,-1,2,24,14,157,8,131,1,2,220,116,5,0,7,0,0,0,0,62,0,42,-1,0,134,49,199,3,191,-1,1,182,98,63,4,53,0,1,291,161,81,2,58,0,1,18,6,104,5,116,1,3,0,0,730,14,711,7,13,209,97,275,6,188,3,4,1022,563,244,8,238,0,6,291,139,42,0,44,0,0,0,0,16,0,19,0,0,0,0,219,7,153,0,1,569,339,208,1,196,0,1,13,2,249,0,184,0,1,94,34,143,9,118,0,2,696,337,164,2,149,1,2,87,32,45,2,32,1,1,5,3,354,26,309,-3,13,291,214,101,1,62,0,1,46,28,114,2,118,1,1,71,36,130,4,103,-1,1,157,81,39,1,36,0,0,0,0,229,2,135,2,3,25,16,179,1,151,0,0,0,0,102,2,70,1,2,11,2,38,1,30,0,1,0,0,22,1,20,1,0,0,0
2020-09-05,3420,62,4107,25,3420,3189,1421,227,2,204,0,2,16,12,122,2,157,0,0,79,26,104,0,130,0,1,13,5,28,0,20,0,1,0,0,4,0,3,0,0,0,0,35,0,25,0,0,0,0,17,0,19,0,0,81,30,27,0,22,0,0,0,0,73,2,65,0,0,94,55,150,0,130,0,0,206,96,4,0,5,-1,0,0,0,37,1,56,0,1,2,2,129,0,127,0,0,206,98,2,0,4,0,0,0,0,29,0,40,0,0,58,23,151,0,161,2,2,84,45,35,2,57,0,1,155,53,40,1,58,0,1,0,0,49,1,83,0,1,4,2,449,6,551,0,4,155,67,200,5,198,-1,2,800,341,146,3,184,2,2,137,50,29,0,36,0,0,0,0,6,0,11,0,0,0,0,69,1,170,0,1,120,52,159,0,144,0,0,11,9,115,2,156,-1,0,71,25,73,1,110,0,0,309,147,143,3,126,1,2,330,149,30,0,29,0,1,3,2,180,0,289,1,1,80,58,57,21,56,-1,1,42,26,97,3,124,0,0,78,25,44,1,102,0,1,21,11,27,0,23,0,0,0,0,127,2,202,0,0,34,9,97,0,109,1,2,0,0,63,3,88,-1,1,2,2,28,0,20,1,1,0,0,18,0,14,0,0,0,0
2020-09-06,3420,63,4107,25,3420,3188,1421,227,1,203,0,1,15,12,122,2,157,0,0,79,25,104,0,130,1,0,14,5,28,0,20,1,0,0,0,3,0,4,0,0,0,0,36,0,26,0,0,0,0,17,0,19,0,0,82,30,27,0,22,0,0,0,0,72,1,65,0,0,94,56,150,0,131,0,0,205,96,4,0,6,0,0,0,0,36,1,55,0,0,3,2,130,1,126,0,0,206,98,1,0,4,0,0,0,0,30,0,41,0,0,57,23,152,0,162,1,2,83,45,35,1,57,1,1,155,52,39,1,57,0,0,0,0,49,2,82,0,1,4,2,449,5,551,0,4,154,66,200,5,198,-1,2,799,342,145,2,184,1,3,136,49,29,1,35,0,0,0,0,7,0,10,0,0,0,0,70,0,170,0,0,120,53,159,1,143,0,0,11,10,115,1,156,-1,0,71,25,74,0,110,1,1,310,148,143,3,125,2,2,329,149,31,0,28,0,0,2,2,179,1,290,0,0,79,58,56,22,57,-1,0,43,26,96,3,124,-1,1,78,25,44,2,102,0,0,22,12,27,0,23,0,0,0,0,127,3,202,-1,0,33,9,97,1,108,1,1,0,0,63,3,89,0,1,2,2,28,0,20,1,1,0,0,19,0,14,0,0,0,0
2020-09-07,3817,128,4577,44,3817,3138,1371,168,7,214,0,2,95,38,122,9,162,-1,2,33,14,104,4,114,-1,0,7,1,7,0,39,0,0,0,0,-2,0,5,2,2,0,0,40,0,22,1,1,0,0,23,0,16,0,0,37,14,20,0,21,0,0,0,0,29,1,52,-1,0,0,0,88,15,137,1,4,31,13,11,1,8,0,0,0,0,93,6,82,0,0,122,93,84,9,132,-2,2,197,94,2,0,2,0,0,0,0,34,0,39,-1,0,52,22,172,3,177,-1,2,104,59,45,6,64,1,1,203,84,59,3,68,1,3,16,8,79,4,90,1,1,0,0,664,19,662,-2,6,130,53,71,3,203,1,2,235,90,172,-11,218,-2,-5,236,111,19,2,34,0,0,0,0,7,0,15,0,0,0,0,145,6,164,1,6,350,142,175,2,167,0,0,1,1,190,1,244,1,1,73,32,124,7,142,-4,1,657,286,193,1,178,-1,0,254,64,9,0,28,0,0,6,1,213,8,276,-2,1,71,51,58,0,68,3,3,21,6,91,5,116,0,4,38,13,140,2,126,1,1,124,59,19,0,36,0,0,0,0,146,6,166,-1,1,44,21,113,6,137,-2,3,0,0,63,3,84,0,0,1,1,12,0,27,0,0,0,0,15,0,42,0,0,0,0
2020-09-08,3894,129,3500,42,3894,5170,2532,178,2,137,0,0,57,36,109,6,130,1,4,67,24,65,9,90,0,9,24,11,25,0,21,0,0,0,0,11,0,2,0,0,0,0,45,5,29,-1,0,1,1,15,0,24,0,0,55,28,5,0,15,0,0,0,0,114,0,71,0,0,216,124,147,2,100,0,1,317,139,4,0,6,0,0,0,0,91,1,53,1,1,75,60,92,3,87,1,2,178,82,1,0,1,0,0,0,0,33,0,36,0,0,145,49,172,5,136,0,2,206,123,47,2,47,0,0,275,133,51,0,57,0,0,36,23,87,1,70,1,1,0,0,521,11,465,-1,1,222,104,148,5,168,1,1,942,417,184,5,164,0,1,295,89,39,0,26,2,2,0,0,18,0,12,0,0,0,0,114,7,94,0,1,538,237,212,35,141,-3,0,28,23,180,4,211,1,2,122,58,89,7,95,0,1,668,327,166,0,139,0,0,25,13,15,0,17,0,0,0,0,222,1,207,2,3,274,198,69,0,62,1,1,31,25,131,0,120,0,0,100,69,101,8,92,-1,2,226,113,24,0,26,2,2,0,0,126,1,107,1,2,47,26,113,5,123,0,2,0,0,72,4,77,1,1,0,0,39,0,17,0,0,0,0,19,0,25,0,0,0,0
2020-09-09,6924,173,-194847,68,6924,5126,2481,288,8,-10526,0,1,26,22,264,11,-8988,-2,5,57,15,195,7,-6234,2,4,2,1,43,1,-1122,-1,0,0,0,8,0,-128,0,0,0,0,42,0,-788,0,0,0,0,27,0,-735,0,0,76,24,41,0,-641,0,0,0,0,227,4,-2754,-1,0,282,202,259,3,-5769,0,0,169,88,6,0,-305,0,0,0,0,137,1,-2487,1,0,85,67,215,8,-7228,0,3,203,98,7,0,-260,0,0,0,0,58,2,-1436,-1,0,68,26,269,13,-8539,1,6,167,96,108,1,-2867,0,0,276,88,96,1,-2417,2,2,10,7,150,1,-3859,1,3,0,0,962,16,-29794,1,13,306,162,295,4,-7726,1,2,910,377,235,5,-10407,1,5,254,77,41,1,-1489,1,2,0,0,28,0,-910,0,0,0,0,278,3,-4302,0,1,575,269,292,1,-7342,1,1,46,29,280,2,-7284,2,3,84,53,193,11,-5008,0,1,738,324,149,2,-4132,0,2,96,19,41,1,-1314,0,1,5,4,510,30,-15598,1,3,256,192,107,3,-2947,1,2,19,9,190,6,-5741,0,1,159,106,194,2,-4713,-1,1,240,114,32,0,-1025,0,0,0,0,224,5,-5935,-2,1,17,12,242,14,-6764,-3,2,0,0,114,5,-3226,-1,3,0,0,34,1,-750,-1,0,0,0,43,0,-1357,0,0,0,0
2020-09-10,5104,111,181,67,5104,0,0,197,3,10,1,5,0,0,193,3,14,1,4,0,0,175,4,8,2,5,0,0,28,1,2,-1,0,0,0,3,0,0,0,0,0,0,34,1,0,0,1,0,0,51,0,0,0,0,0,0,24,0,1,0,0,0,0,117,4,1,1,1,0,0,180,4,4,-2,0,0,0,15,0,1,-1,0,0,0,87,1,6,0,0,0,0,146,5,10,-2,4,0,0,1,0,0,0,0,0,0,51,1,2,-1,0,0,0,235,6,5,0,2,0,0,53,2,3,0,1,0,0,81,2,1,0,1,0,0,101,1,4,0,0,0,0,695,22,25,1,12,0,0,224,13,2,-2,4,0,0,235,5,7,2,5,0,0,53,2,2,2,2,0,0,14,1,0,0,0,0,0,150,0,10,0,0,0,0,225,5,3,-1,2,0,0,198,0,5,0,1,0,0,134,2,5,-2,0,0,0,195,1,3,1,1,0,0,16,0,1,0,1,0,0,296,1,11,0,2,0,0,97,0,4,1,2,0,0,194,5,1,1,3,0,0,97,2,4,2,3,0,0,55,1,0,0,1,0,0,161,3,9,-2,0,0,0,153,3,13,1,3,0,0,91,6,1,-1,1,0,0,29,1,1,0,0,0,0,20,0,2,-1,0,0,0
2020-09-11,4726,128,151,39,4726,10620,4872,118,3,4,2,2,67,35,105,6,6,0,2,122,41,137,5,3,1,1,43,14,41,2,0,-1,1,0,0,2,1,0,-1,0,0,0,40,0,1,0,0,0,0,14,0,1,0,0,299,145,28,0,1,0,0,0,0,81,4,2,-1,0,268,188,207,3,7,0,0,459,240,15,0,0,0,0,5,1,82,1,-1,0,1,108,98,136,0,5,0,0,525,199,9,0,0,0,0,0,0,67,0,0,0,0,302,119,186,23,1,-3,1,418,214,86,1,4,1,1,506,195,55,0,6,-1,0,27,21,99,1,4,0,0,53,14,552,14,24,2,8,447,215,292,6,7,1,3,2196,1044,167,6,6,1,2,611,217,51,5,1,0,0,0,0,21,0,0,0,0,0,0,173,10,8,-1,3,914,406,179,4,7,-1,2,112,59,187,5,7,0,1,215,114,123,2,5,-1,0,1493,496,202,2,3,2,4,293,95,35,1,0,0,1,17,9,393,2,10,1,1,518,383,75,2,0,-2,0,68,34,138,2,9,-1,1,163,91,146,1,5,0,0,291,150,21,0,0,0,0,0,0,183,5,7,0,2,77,35,140,1,4,0,1,0,0,81,10,3,-4,0,3,0,35,0,0,0,0,0,0,24,0,1,1,1,0,0
2020-09-12,4645,47,170,24,4645,4045,1949,271,3,7,0,1,24,15,195,3,3,0,0,51,5,105,0,2,1,1,17,10,33,1,0,0,0,0,0,5,0,1,0,0,0,0,42,0,2,0,0,0,0,35,0,0,0,0,90,43,47,1,2,0,0,0,0,173,2,3,0,0,206,160,140,0,4,0,0,1,0,11,1,0,0,0,0,0,43,0,3,0,0,8,5,95,0,2,0,0,198,102,1,0,1,0,0,0,0,38,0,1,0,0,14,9,125,3,5,0,1,79,29,36,0,4,0,0,252,133,64,3,2,0,0,0,0,107,0,2,0,0,0,0,580,8,46,-1,4,224,90,271,4,15,1,4,1089,488,184,0,6,1,0,183,54,18,1,0,0,1,0,0,19,0,0,0,0,0,0,90,0,8,0,1,121,47,330,1,3,1,1,104,68,337,1,12,0,0,103,65,146,3,4,-1,0,660,348,77,1,0,1,1,219,34,22,0,0,0,0,0,0,263,1,4,2,2,126,96,78,0,2,0,0,54,30,92,0,4,0,0,59,43,112,1,5,0,1,156,73,30,1,0,0,0,0,0,166,1,6,2,2,7,2,140,5,4,1,3,0,0,72,0,1,0,0,0,0,23,1,6,0,0,0,0,29,1,0,0,1,0,0
2020-09-13,3449,83,128,24,3449,3227,1564,159,4,5,0,0,29,15,142,4,4,1,1,46,19,95,3,5,-1,1,4,1,19,0,1,0,1,0,0,6,0,0,0,0,0,0,17,0,0,0,0,0,0,21,0,1,0,0,50,31,25,0,0,0,0,0,0,78,0,2,0,0,74,62,137,4,2,0,1,133,71,5,0,0,0,0,0,0,79,0,1,0,0,85,63,91,3,4,0,4,188,83,2,0,1,0,0,0,0,45,0,1,0,0,92,44,111,11,3,0,1,95,49,47,3,2,0,0,165,37,45,0,1,0,0,3,1,119,3,5,0,0,5,1,453,10,9,1,2,57,30,130,3,6,0,1,415,209,132,2,5,0,2,247,91,36,1,0,0,0,0,0,8,0,1,0,0,0,0,110,4,9,0,2,406,176,155,3,3,1,1,26,12,149,0,6,0,1,55,32,124,3,6,0,0,481,261,106,1,4,0,0,210,65,25,0,2,1,1,5,2,192,4,9,1,2,119,92,51,1,2,1,2,42,26,82,2,6,-1,0,19,8,106,2,4,0,1,148,73,24,0,1,-1,0,0,0,111,2,5,-1,0,27,8,119,3,3,1,1,0,0,60,5,5,-1,0,1,0,19,0,3,-1,0,0,0,13,0,1,0,0,0,0
2020-09-14,3450,83,128,25,3450,3227,1564,159,4,6,1,1,29,15,143,4,4,0,1,47,19,95,3,4,-1,1,4,2,20,0,1,1,0,0,0,6,0,0,0,0,0,0,18,0,1,0,0,0,0,20,0,2,0,0,50,32,26,0,0,0,0,0,0,78,0,2,0,0,74,63,138,3,2,0,0,133,71,5,0,1,0,0,0,0,78,1,2,0,0,86,64,91,3,3,1,4,188,84,1,0,0,0,0,0,0,44,0,1,0,0,91,44,111,11,3,-1,1,94,50,47,3,2,0,0,164,38,44,0,1,0,0,3,0,118,3,5,-1,0,6,2,454,10,8,2,2,57,29,131,3,6,0,1,414,209,131,3,4,0,2,246,91,36,1,0,0,0,0,0,9,0,0,0,0,0,0,109,3,9,0,1,406,175,156,3,3,0,2,26,12,150,0,6,0,0,55,32,124,3,7,0,1,481,262,107,1,4,0,1,211,64,25,1,2,0,0,5,2,191,5,9,1,2,119,91,51,0,2,0,1,42,25,83,2,6,-1,1,19,7,106,3,3,-1,1,148,74,23,1,0,0,0,0,0,111,2,6,-1,0,28,9,119,2,4,0,1,0,0,60,5,6,0,0,1,0,20,1,3,0,0,0,0,13,1,0,0,0,0,0
2020-09-15,4637,77,143,38,4637,4592,2151,220,9,7,3,4,60,45,103,5,4,1,2,58,17,77,0,5,0,0,17,4,26,4,0,-3,0,0,0,4,0,0,0,0,0,0,53,0,1,0,0,0,0,12,0,0,0,0,57,17,12,0,0,0,0,0,0,93,2,1,0,1,130,71,120,2,2,2,2,100,44,4,0,0,0,0,0,0,69,0,3,1,1,49,25,131,5,5,0,2,157,70,7,0,0,0,0,0,0,50,0,1,-1,0,114,47,227,3,5,0,2,195,86,54,1,3,2,2,218,114,69,0,3,0,1,7,4,92,2,2,0,1,0,0,678,17,15,-4,5,333,119,194,1,9,-1,0,849,366,193,0,9,0,-1,297,108,46,2,1,0,0,0,0,39,0,0,1,1,0,0,172,2,9,0,1,380,160,205,1,10,0,0,43,16,257,2,11,0,0,94,46,137,2,2,2,2,587,280,227,0,2,0,0,246,194,25,0,1,1,1,0,0,301,5,6,1,2,224,136,46,1,2,0,0,70,30,122,1,3,0,1,76,43,129,1,5,0,2,205,100,18,0,1,0,0,0,0,151,3,7,1,1,26,9,149,2,3,1,3,0,0,87,3,5,1,2,0,0,23,1,0,0,0,0,0,15,0,0,0,0,0,0
2020-09-16,4632,132,158,44,4632,4352,1901,192,13,8,2,5,29,23,158,5,4,-2,3,120,40,84,5,5,0,2,14,2,19,1,0,0,0,0,0,10,0,1,0,0,0,0,62,0,1,0,0,0,0,22,1,1,0,0,85,41,17,0,0,0,0,11,4,165,4,5,0,0,220,158,177,3,2,0,0,107,50,16,0,0,0,0,0,0,69,0,3,2,2,63,26,133,1,9,0,1,209,85,9,0,0,0,0,0,0,41,1,2,-1,0,86,28,161,13,4,-3,2,104,54,33,0,3,0,0,242,96,68,1,1,1,2,10,7,139,5,2,0,2,0,0,637,25,19,-2,1,208,81,215,11,4,2,7,713,327,175,1,8,2,5,283,120,41,1,0,0,0,1,0,18,0,0,0,0,0,0,198,6,4,0,1,535,220,202,0,5,0,0,62,26,247,4,9,0,2,123,62,103,2,5,-1,1,532,190,144,1,3,1,1,138,34,38,1,-1,0,1,0,0,263,5,15,0,2,92,56,78,0,2,0,0,68,29,90,0,11,-1,0,78,33,139,10,6,-2,1,197,102,32,1,0,0,0,0,0,162,6,10,-2,0,14,6,122,3,0,-1,1,0,0,91,1,3,1,2,8,1,42,1,1,0,0,0,0,20,0,3,0,0,0,0
2020-09-17,5009,182,168,53,5009,5233,2447,238,8,5,-1,1,62,41,220,4,12,-1,1,103,31,126,3,7,1,1,9,4,38,2,0,-1,0,0,0,1,2,1,0,0,0,0,31,4,0,0,2,0,0,48,0,2,0,0,160,58,55,0,1,0,0,20,4,130,4,2,-1,0,182,108,205,6,6,0,0,112,74,14,0,0,0,0,0,0,70,2,7,1,1,95,58,132,2,3,-1,1,256,104,1,0,0,0,0,0,0,37,1,4,0,0,116,42,168,4,7,1,4,158,53,44,4,3,1,1,204,86,58,3,2,-2,1,0,0,124,5,4,0,1,26,7,639,58,7,-8,18,294,121,312,5,1,0,1,1145,600,212,4,7,2,2,332,108,38,1,5,1,1,0,0,22,3,0,0,0,0,0,128,19,11,0,0,425,197,256,1,4,1,1,65,41,197,4,10,-3,0,93,47,152,5,2,-1,1,421,191,187,4,6,0,1,301,96,36,0,0,0,0,5,0,277,6,8,1,6,210,152,60,0,5,-1,0,32,16,118,1,5,2,2,83,42,164,5,5,-1,0,274,142,37,0,0,0,0,0,0,128,6,8,-1,3,48,24,167,3,10,2,2,1,0,75,2,3,1,1,1,0,26,0,3,0,0,0,0,38,1,2,0,0,0,0
2020-09-18,4536,92,165,57,4536,4829,2089,135,8,8,2,4,18,7,109,6,2,1,2,87,31,138,5,3,-1,2,0,0,17,0,1,0,0,0,0,10,0,0,0,0,0,0,42,2,0,0,1,0,0,30,0,1,-1,0,29,5,15,0,0,0,0,1,1,133,2,3,0,0,236,120,135,3,6,1,2,120,60,15,0,2,0,0,0,0,98,1,5,0,1,82,51,125,8,3,-1,7,241,103,11,0,1,0,0,0,0,46,0,4,0,0,91,35,188,1,7,-1,4,125,50,58,0,3,0,0,251,95,54,0,1,1,1,24,10,146,3,2,0,0,1,0,555,8,19,1,6,195,69,247,5,7,1,4,765,365,194,3,7,0,2,176,66,41,2,0,0,0,0,0,13,0,0,0,0,0,0,162,1,12,0,0,655,298,124,1,6,1,3,2,1,198,1,5,1,1,81,40,121,2,5,0,0,536,182,152,1,2,0,0,368,93,26,0,0,0,0,6,3,307,12,15,1,8,248,175,70,0,6,0,0,69,30,114,3,2,-1,3,73,33,197,3,6,-1,1,302,155,22,0,3,0,0,0,0,193,5,4,0,3,46,11,144,3,2,0,1,0,0,76,2,5,1,1,1,0,58,1,5,0,0,0,0,17,0,2,0,0,0,0
2020-09-19,2828,72,88,19,2828,2497,1044,150,13,4,1,1,15,10,97,7,3,0,1,41,10,68,5,2,0,1,7,2,17,1,0,-1,0,0,0,5,0,0,0,0,0,0,28,0,0,1,2,0,0,14,0,0,0,0,64,20,19,0,1,0,0,9,1,85,3,1,0,1,158,80,113,3,2,1,0,118,54,2,0,0,0,0,0,0,19,1,2,0,0,7,3,86,2,1,0,0,125,52,1,0,0,0,0,0,0,13,0,2,0,0,52,15,103,1,4,0,1,80,33,31,0,1,0,0,126,41,31,0,1,1,1,16,6,88,0,3,-1,0,1,0,395,7,8,1,2,118,53,162,3,5,0,1,553,248,107,3,5,1,1,114,32,35,2,0,0,0,0,0,8,0,0,0,0,0,0,49,1,2,0,0,140,68,166,2,2,0,0,46,34,192,2,6,1,1,61,27,94,1,3,1,1,266,97,81,1,1,0,1,107,27,10,0,0,0,0,7,3,147,7,8,-1,2,86,48,46,1,3,1,1,28,16,67,1,3,0,0,46,23,62,2,3,0,0,104,43,15,0,0,0,0,0,0,79,1,4,-1,0,0,0,69,1,2,0,2,0,0,40,0,6,0,0,1,0,19,0,0,0,1,0,0,15,0,0,0,0,0,0
2020-09-20,2829,71,87,18,2829,2497,1043,150,14,4,1,1,15,10,97,7,2,0,1,42,10,67,4,2,-1,0,8,3,17,1,1,0,0,0,0,5,0,0,0,0,0,0,28,1,0,2,2,0,0,13,0,1,0,0,63,20,19,0,1,0,0,9,1,85,3,2,0,0,158,79,114,3,2,0,1,118,53,2,0,0,0,0,0,0,19,1,2,0,0,7,3,86,1,0,0,1,125,53,2,0,0,0,0,0,0,13,0,1,0,0,52,15,102,1,3,-1,0,80,33,31,1,1,0,0,126,40,31,0,0,0,0,15,6,88,0,2,0,0,1,0,395,8,9,0,2,118,52,162,3,5,0,0,553,247,107,2,5,1,0,115,32,35,1,0,0,1,0,0,8,0,0,0,0,0,0,50,1,1,0,0,139,67,166,3,2,0,1,47,35,192,2,7,0,0,61,27,93,0,4,0,0,266,96,82,0,0,1,0,107,26,11,0,1,0,0,8,3,147,8,9,0,3,86,48,47,1,3,1,2,28,16,66,0,2,0,0,46,23,62,1,3,0,0,104,43,15,0,0,0,0,0,0,80,1,4,0,0,0,0,69,2,2,0,1,0,0,39,1,6,-1,0,1,0,19,1,0,1,0,0,0,15,0,0,0,0,0,0
2020-09-21,2817,250,114,31,2817,3231,1348,115,10,9,2,3,9,5,103,14,3,0,1,42,14,64,3,1,0,0,1,0,7,1,0,0,0,0,0,3,0,0,0,0,0,0,34,0,2,1,1,0,0,23,0,1,0,0,21,5,7,0,0,0,0,6,0,77,3,3,0,0,86,60,63,11,1,1,2,97,53,10,0,0,0,0,0,0,82,6,7,0,1,129,71,71,14,1,0,4,198,80,7,0,0,0,0,0,0,49,2,0,0,0,146,62,112,19,5,-1,2,96,36,27,13,0,-2,0,173,83,26,3,1,1,2,2,2,86,6,3,0,1,0,0,327,25,16,2,4,73,25,90,3,1,1,1,367,148,103,16,3,-6,0,191,73,49,4,1,0,1,0,0,8,1,0,0,0,0,0,156,5,14,1,2,415,154,170,6,2,0,1,22,9,125,9,6,0,0,67,27,81,8,1,-1,1,296,133,129,4,5,-1,0,432,144,15,1,1,0,0,12,2,112,13,2,-3,0,60,38,53,4,2,-1,0,40,27,58,5,5,0,1,12,7,106,2,4,0,0,198,81,14,0,0,0,0,0,0,121,10,8,-2,2,39,9,68,15,4,-2,1,0,0,35,11,0,0,0,1,0,15,2,0,0,0,0,0,16,1,2,0,0,0,0
2020-09-22,3920,295,119,52,3920,4524,1841,192,11,6,-1,1,33,17,96,6,0,1,2,72,22,90,6,4,0,3,23,6,19,2,1,0,0,0,0,6,1,1,-1,0,0,0,44,2,1,-2,0,0,0,12,0,1,0,0,55,17,27,1,0,0,0,9,1,43,4,2,-1,0,44,39,197,12,4,0,0,181,73,21,0,2,0,0,0,0,47,1,1,-1,0,31,15,155,15,4,3,4,244,95,12,0,0,0,0,0,0,54,1,0,1,1,116,38,172,22,2,-1,2,153,51,63,6,0,0,1,449,242,72,3,1,2,2,40,12,105,7,6,0,2,0,0,460,40,11,-1,7,231,73,202,11,7,4,7,874,351,150,6,4,-2,2,284,91,33,4,2,-2,0,0,0,19,2,0,0,0,0,0,148,8,9,-1,5,579,257,189,7,7,0,1,53,32,195,29,2,-2,2,78,37,88,16,0,-3,1,186,80,135,6,2,0,1,242,11,33,0,0,0,0,11,5,260,18,10,0,3,217,126,52,5,5,-3,0,62,40,102,4,4,2,3,29,14,120,5,5,0,0,191,85,26,1,1,0,0,0,0,111,5,5,0,0,35,11,93,18,2,-5,0,1,0,62,10,2,0,1,1,0,39,0,5,0,1,0,0,-24,0,0,0,0,0,0
2020-09-23,3868,243,116,46,3868,4087,1740,110,12,4,1,3,50,24,87,8,5,-1,0,58,17,66,4,4,1,2,1,0,40,2,0,-1,0,0,0,9,0,1,0,0,0,0,38,2,2,0,1,0,0,18,0,1,0,0,62,28,14,3,0,-1,0,8,0,126,3,5,1,2,229,87,72,8,9,-2,0,104,56,8,1,1,0,1,0,0,67,0,2,0,0,69,40,91,7,1,1,2,169,58,0,0,0,0,0,0,0,58,2,1,0,0,90,36,178,17,4,-4,0,133,67,36,3,1,0,0,332,140,58,5,2,1,2,20,12,102,3,2,0,0,0,0,453,36,10,0,7,222,97,194,8,5,0,3,838,321,174,10,6,-2,0,328,114,28,5,-1,1,2,0,0,18,2,0,-1,0,0,0,102,8,6,-1,1,292,127,235,6,5,0,1,47,35,209,26,5,-3,1,117,69,132,6,6,0,1,352,150,173,2,5,1,1,93,15,24,1,-1,0,0,2,2,239,21,7,3,5,130,83,73,2,2,1,1,38,11,114,3,4,2,4,76,41,128,4,4,1,2,200,100,33,1,0,1,1,0,0,178,10,4,-3,1,23,8,122,3,1,0,-1,0,0,68,7,0,-3,0,4,2,36,2,5,2,2,0,0,-43,0,-2,1,1,0,0
2020-09-24,4310,193,150,39,4310,4420,2019,181,11,5,-1,1,23,10,136,6,5,1,2,61,18,104,7,2,0,1,19,6,20,1,1,-1,0,0,0,15,0,0,0,0,0,0,28,1,2,1,1,0,0,30,0,2,0,0,71,23,32,2,0,0,1,17,7,130,5,4,-1,0,189,115,124,6,6,-1,0,95,51,5,0,0,0,0,0,0,58,3,5,0,0,47,23,101,5,4,1,3,182,62,12,0,0,0,0,0,0,61,1,0,0,0,108,81,160,7,7,-1,2,152,56,61,9,1,0,1,358,195,63,5,2,-1,0,37,16,123,3,4,0,1,12,6,517,46,15,-1,7,195,117,235,10,10,1,5,897,359,166,-7,4,0,0,290,120,65,0,2,0,0,0,0,27,1,1,1,1,0,0,132,2,6,-1,1,399,143,225,6,2,0,0,73,47,158,13,8,0,1,84,35,108,7,4,1,1,326,133,169,2,2,1,1,129,56,25,1,0,-1,0,3,1,248,8,8,2,2,181,111,66,2,4,0,0,41,24,104,7,7,-1,1,82,38,192,2,6,0,0,311,155,9,1,1,0,0,0,0,146,3,10,0,1,31,12,132,12,6,0,4,0,1,71,5,2,0,1,6,1,45,1,4,-1,0,0,0,23,1,1,0,1,0,0
2020-09-25,4311,194,150,40,4311,4420,2019,181,11,6,-2,1,22,10,136,6,5,1,3,61,17,104,7,2,-1,1,18,6,21,0,1,0,0,0,0,14,0,0,0,0,0,0,29,0,3,0,1,0,0,29,1,1,0,0,72,22,32,1,1,1,1,16,7,130,5,3,0,1,189,114,123,5,6,0,0,96,50,4,0,0,0,0,0,0,57,2,5,0,0,47,23,101,5,4,0,4,182,62,12,0,0,0,0,0,0,60,1,0,0,0,108,80,161,7,7,0,1,152,56,61,8,1,1,1,358,195,63,6,1,-1,0,38,16,123,2,4,0,2,12,6,517,46,15,0,7,196,116,236,10,9,1,6,896,360,167,-7,5,-1,-1,291,120,66,1,2,0,0,0,0,27,2,1,0,0,0,0,133,3,6,-1,0,399,142,226,6,2,-1,0,72,47,157,13,7,0,0,85,34,109,7,4,1,1,325,133,170,2,1,0,1,129,55,26,1,0,0,0,2,1,249,8,8,2,2,181,112,66,3,3,-1,0,42,25,105,7,6,-2,1,83,39,192,2,5,0,1,311,154,9,1,0,0,0,0,0,146,2,11,0,0,31,12,132,11,6,0,4,1,0,71,5,1,-1,1,6,2,46,0,3,0,0,0,0,23,2,2,0,0,0,0
2020-09-26,3135,121,137,12,3135,3088,1345,154,10,3,1,4,7,7,94,5,2,1,1,105,34,72,2,5,0,0,9,3,33,0,0,-3,0,0,0,7,0,2,-1,0,0,0,19,0,1,0,0,0,0,5,6,1,0,0,59,22,28,0,0,0,0,23,5,63,0,1,0,0,106,52,162,10,5,1,2,169,98,7,0,1,0,0,0,0,27,4,0,0,0,5,5,109,6,3,-1,1,252,109,-1,2,0,0,0,0,0,42,0,0,0,0,59,43,101,2,13,0,2,112,43,37,11,0,0,1,324,131,53,4,3,-2,0,2,0,75,2,2,-1,0,17,7,431,17,19,-3,2,216,108,213,11,10,-2,3,700,243,127,-17,8,1,-8,232,102,48,1,1,0,0,1,1,25,0,0,0,0,0,0,50,0,1,0,0,59,22,207,3,4,0,1,77,60,112,1,3,-1,0,26,7,50,1,3,0,0,61,34,91,5,1,-1,0,119,8,27,1,0,0,0,12,6,139,6,9,0,1,171,124,39,2,1,0,0,18,7,60,5,8,0,0,19,7,82,0,8,1,1,90,44,20,5,1,-1,0,0,0,120,6,6,-1,0,34,13,72,5,2,0,1,0,0,51,0,4,0,0,4,0,70,5,5,0,0,0,0,14,0,1,0,0,0,0
2020-09-27,1977,55,50,20,1977,1725,800,91,2,3,-1,0,3,0,60,1,2,1,1,11,2,43,3,1,0,0,0,0,16,0,0,0,0,0,0,4,0,0,0,0,0,0,32,0,1,0,0,0,0,10,0,0,0,0,68,51,6,1,0,0,0,0,0,67,5,2,-1,0,113,66,24,1,0,0,0,5,1,11,0,0,0,0,1,1,25,0,1,0,0,6,2,61,0,0,0,1,27,13,1,0,0,0,0,0,0,30,1,1,0,1,83,68,65,1,3,2,2,15,4,27,2,4,0,0,339,173,37,0,3,1,1,0,0,75,1,1,0,0,22,5,276,7,5,0,1,62,19,82,5,2,0,0,193,89,68,5,0,1,1,47,12,31,0,0,0,0,1,1,15,0,0,1,1,0,0,51,1,3,0,0,149,47,123,1,0,1,1,32,18,68,2,1,4,5,6,0,54,1,0,1,1,325,140,56,4,1,0,0,46,10,31,1,0,1,2,4,3,134,1,4,1,1,2,2,41,3,3,-2,0,98,47,57,1,2,1,1,65,26,24,3,2,0,0,0,0,1,0,0,0,0,0,0,39,0,3,0,0,0,0,78,1,1,0,0,0,0,36,0,0,0,0,2,0,17,0,1,0,0,0,0,10,1,0,0,0,0,0
2020-09-28,3281,148,96,35,3281,3390,1631,104,6,2,0,0,29,11,87,5,1,1,2,33,10,82,2,1,0,0,0,0,8,-1,1,0,-1,0,0,4,0,0,0,0,0,0,26,0,0,0,0,0,0,9,1,0,0,1,28,24,9,0,0,0,0,5,0,47,-1,3,0,-1,16,10,54,4,4,0,1,138,81,15,0,0,0,0,0,0,91,2,4,1,1,99,58,86,7,2,0,5,210,82,8,0,0,0,0,0,0,52,0,0,1,1,99,63,115,6,3,-4,0,135,56,54,0,3,1,1,338,175,42,2,1,0,0,21,8,111,4,4,0,2,22,14,354,36,11,-1,4,91,66,126,4,1,0,2,307,142,109,1,5,-2,-2,213,90,66,0,0,0,0,0,0,29,0,0,1,1,0,0,223,8,4,0,3,525,268,166,4,4,-1,0,29,9,155,4,9,2,3,114,39,92,6,2,2,2,247,101,119,0,8,1,1,204,87,17,0,0,0,0,7,1,132,10,4,-1,3,75,31,47,0,1,1,1,30,22,87,2,3,0,0,51,17,211,6,3,0,1,292,155,14,1,0,0,0,0,0,146,6,3,0,0,31,11,84,8,4,-1,2,1,0,66,11,3,-1,1,0,0,18,2,1,1,1,0,0,16,2,1,0,0,0,0
2020-09-29,3962,169,140,51,3962,3772,1748,189,5,5,1,3,14,12,100,2,2,1,2,41,11,79,4,4,-1,1,10,5,19,0,1,0,0,0,0,11,2,1,0,0,0,0,29,0,0,0,0,0,0,10,3,1,0,1,43,16,16,0,0,0,0,17,2,88,7,5,1,1,107,76,185,6,2,0,2,162,98,9,0,0,0,0,0,0,40,3,2,1,1,28,18,138,1,3,-1,1,142,60,1,0,0,0,0,0,0,50,1,2,-1,0,36,17,212,3,8,1,1,181,85,33,4,2,0,0,212,113,87,2,2,1,2,48,21,119,6,-1,1,1,2,2,437,23,13,0,7,218,122,249,2,7,3,3,832,341,215,9,5,3,3,332,139,41,4,0,0,3,0,0,20,1,0,-1,0,0,0,135,10,14,0,3,439,191,187,4,3,0,0,52,26,166,8,16,0,0,65,25,95,1,3,2,3,319,149,144,2,5,1,1,158,51,28,1,1,-1,0,0,0,222,5,15,2,5,192,118,61,1,1,1,1,14,7,87,8,2,0,1,49,15,63,9,0,1,1,15,8,10,5,0,0,1,0,0,117,5,5,1,2,41,20,149,7,7,0,1,0,0,60,13,3,-1,0,3,0,47,1,1,0,0,0,0,14,1,0,0,0,0,0
2020-09-30,4170,145,120,47,4170,4093,1939,182,6,8,1,2,6,4,71,7,12,-1,2,50,11,94,3,3,0,2,37,11,25,0,0,2,3,0,0,15,0,0,0,0,0,0,50,3,-1,0,2,1,1,15,1,1,0,1,52,27,20,0,0,0,0,13,3,131,0,5,0,0,160,84,134,2,4,0,1,164,86,6,0,0,0,0,0,0,62,2,1,0,0,48,14,99,1,1,1,2,137,65,2,0,0,0,0,0,0,70,2,-1,0,1,145,109,181,6,1,-2,1,122,49,64,4,2,-1,1,256,114,65,4,1,0,0,24,17,96,1,4,0,0,31,14,547,27,13,2,11,193,97,194,3,4,1,3,657,312,122,8,3,-1,1,252,85,64,0,1,0,0,0,0,13,1,0,0,0,0,0,194,3,9,0,2,475,230,135,2,3,0,0,52,25,128,3,5,0,2,43,24,93,21,1,1,3,334,152,111,1,4,0,0,196,77,21,0,0,0,0,0,0,277,7,7,-3,0,142,109,102,1,5,-1,0,106,54,140,0,5,-2,1,77,35,188,1,3,-1,0,277,122,15,5,0,0,2,0,0,173,2,6,1,1,39,8,130,12,-1,-1,1,1,0,72,3,3,1,1,3,0,43,1,7,-1,0,0,0,26,2,1,0,1,0,0
2020-10-01,3768,2699,-193,34,3768,3774,1732,172,143,-9,-5,1,27,13,66,90,-12,-1,0,50,13,131,59,0,-1,0,0,0,35,25,-2,-2,1,0,0,4,3,0,0,0,0,0,24,9,1,0,2,0,0,21,9,0,0,0,93,44,44,17,-1,-1,0,15,8,110,55,-9,-1,0,171,96,95,68,4,0,3,48,21,5,4,-1,0,0,0,0,63,30,-5,-2,0,58,42,145,70,-2,-1,5,284,125,6,0,0,0,0,0,0,15,6,-2,0,1,95,45,136,152,-21,-5,3,91,37,46,45,-4,-3,1,277,107,43,82,-2,-4,0,27,9,78,34,0,-2,0,25,10,486,310,-20,-7,0,190,71,241,130,-13,-9,3,923,452,128,143,-8,-6,-2,295,115,56,17,-2,-1,0,0,0,24,3,0,0,0,0,0,79,56,-4,-5,2,44,23,187,99,-2,-6,3,42,14,197,197,-9,-8,3,127,39,87,80,-9,-7,1,188,80,221,51,-2,-7,0,163,82,33,10,-3,0,1,12,1,229,197,-17,-2,1,162,109,45,62,-3,-2,1,50,27,53,116,-16,-1,2,93,41,116,52,-3,-3,0,218,105,11,6,-1,0,0,0,0,118,81,0,-5,0,2,2,118,98,-4,-5,1,1,0,62,65,-8,-1,1,3,1,21,10,-3,-2,0,0,0,17,15,-1,-2,0,0,0
2020-10-02,3606,90,112,34,3606,3621,1571,146,11,6,-1,2,18,14,87,3,4,-1,3,40,12,104,2,5,1,1,10,4,18,0,0,0,0,0,0,2,0,0,0,0,0,0,63,1,0,0,0,1,0,15,1,0,0,1,77,39,16,1,1,0,0,16,4,93,2,2,1,1,136,73,125,6,2,0,1,126,59,11,1,0,0,0,0,0,55,1,3,0,0,27,12,92,4,5,0,3,171,64,6,0,0,0,0,0,0,53,2,0,0,0,75,49,147,4,4,0,2,129,47,46,1,0,0,1,182,62,43,2,1,2,3,26,12,107,2,2,0,0,31,16,411,13,11,1,5,136,61,175,8,8,-1,5,782,353,134,-7,6,1,-1,325,104,55,1,2,0,1,0,0,24,1,0,-1,0,0,0,105,3,3,0,0,328,139,183,5,2,0,0,67,23,117,5,4,0,1,54,25,94,2,3,1,1,248,99,158,1,2,0,0,111,40,17,1,1,0,0,4,2,220,4,14,-1,1,199,119,62,2,1,0,0,25,12,85,2,3,0,1,49,20,139,1,7,0,1,192,94,17,0,0,0,1,0,0,123,2,2,0,1,30,13,133,3,1,0,1,0,0,75,1,4,-1,0,5,1,32,1,1,0,0,0,0,17,1,2,0,1,0,0
2020-10-03,3605,90,111,34,3605,3620,1571,147,11,5,-1,1,19,14,86,4,4,0,2,39,12,105,3,6,1,1,10,3,18,1,1,0,0,0,0,2,0,0,0,0,0,0,62,1,0,0,0,0,1,15,0,0,1,0,77,39,15,0,1,-1,0,16,3,93,3,1,0,1,136,73,125,6,2,0,1,127,58,11,0,-1,0,0,1,0,54,0,2,0,0,27,12,92,4,5,-1,2,170,64,7,0,0,0,0,0,0,52,1,1,0,0,75,49,147,3,4,0,1,129,48,45,1,-1,-1,0,182,63,43,2,1,1,2,26,11,107,2,2,0,0,31,16,411,12,10,0,5,136,61,176,7,7,-1,5,782,353,133,-8,6,0,-1,325,103,55,1,2,0,1,0,0,23,0,0,0,0,0,0,106,4,3,0,0,328,140,183,4,2,0,0,67,23,116,5,5,1,2,55,25,95,2,2,0,0,248,98,159,1,3,0,1,110,39,18,0,1,0,0,4,3,221,5,13,-1,1,199,118,62,1,1,1,1,25,12,84,3,3,0,1,49,20,139,2,7,1,1,193,94,17,0,1,1,0,0,0,124,1,2,0,0,29,14,134,3,2,0,1,1,0,75,0,5,0,0,5,1,31,0,2,1,1,0,0,18,1,1,0,1,0,0
2020-10-04,1745,49,66,6,1745,1934,733,43,2,3,0,0,18,7,27,4,2,0,0,78,12,44,0,3,1,1,11,4,18,1,0,0,0,0,0,0,0,0,0,0,0,0,26,0,0,0,0,0,0,8,0,0,0,0,117,39,2,0,0,0,0,0,0,64,1,1,0,0,121,56,69,0,2,0,0,181,65,1,0,0,0,0,0,0,9,0,0,0,0,4,3,48,3,2,-1,1,58,27,5,0,0,0,0,0,0,22,1,0,0,0,97,59,108,2,1,0,1,28,12,36,0,0,0,0,193,78,21,3,0,-1,0,1,1,65,0,1,0,0,12,9,224,2,10,-1,1,61,21,113,3,3,-1,0,380,139,51,4,4,0,0,41,12,55,3,3,0,0,0,0,14,0,0,0,0,0,0,34,3,2,0,1,27,8,77,0,4,0,0,22,5,80,1,4,0,0,8,3,48,4,3,0,1,349,137,64,0,0,0,0,71,5,10,0,0,0,0,4,4,71,7,1,0,0,1,1,28,1,1,-1,0,36,24,30,0,3,-1,0,14,2,28,0,2,0,0,0,0,14,0,0,0,0,0,0,58,0,2,0,0,0,0,70,1,4,0,0,0,0,36,3,2,0,0,1,0,11,0,2,-1,0,0,0,13,0,1,0,0,0,0
2020-10-05,3121,138,98,42,3121,2888,1175,162,13,9,-1,5,19,6,90,9,3,-4,2,25,8,67,3,2,1,1,13,7,8,3,0,-1,0,0,0,4,0,0,0,0,0,0,88,1,-1,1,1,0,0,21,0,0,0,0,43,30,15,0,0,0,0,12,2,71,1,1,0,1,44,16,53,6,7,0,0,216,90,8,1,0,0,0,0,0,80,1,2,0,0,143,62,100,5,1,-2,1,80,33,9,0,0,0,0,0,0,46,0,0,0,0,49,33,107,7,8,-1,1,97,42,26,1,3,-1,1,150,42,37,1,0,0,1,42,15,67,2,2,1,1,29,14,390,18,13,1,6,102,42,102,11,-2,-1,4,291,140,95,-20,2,1,0,173,64,7,1,1,0,0,0,0,19,0,0,0,0,0,0,108,6,3,0,3,354,157,130,5,3,1,1,44,16,135,6,7,-1,1,119,61,70,8,1,1,5,202,57,143,2,4,0,0,311,66,14,0,0,0,0,16,0,149,10,10,0,2,92,64,53,12,-3,-1,3,23,8,62,4,4,-1,0,2,0,125,5,3,0,0,179,90,5,3,0,-1,1,0,0,130,4,2,-1,0,18,10,225,4,6,1,1,0,0,38,5,2,0,0,0,0,43,0,4,-1,0,0,0,19,0,1,0,0,0,0
2020-10-06,4048,117,109,50,4048,3951,1801,147,5,6,2,3,15,11,71,1,3,1,3,63,19,126,12,3,2,5,6,2,20,0,0,0,0,0,0,8,0,1,0,0,0,0,51,2,3,2,3,0,0,7,0,1,0,0,50,14,13,0,0,0,0,15,2,122,1,1,0,1,124,60,192,2,1,0,0,90,39,12,0,0,0,0,0,0,41,0,2,0,0,35,19,115,4,1,1,1,240,86,3,0,0,0,0,0,0,34,0,1,0,0,68,38,185,4,9,0,0,128,52,52,3,0,0,0,203,115,49,1,1,0,0,22,10,137,1,1,3,3,34,18,377,12,15,2,4,208,86,159,8,2,-1,2,771,370,183,11,8,0,3,299,90,48,2,0,-1,0,0,0,0,1,-1,0,0,0,0,205,5,9,1,3,282,195,148,5,4,1,3,27,9,163,4,7,0,2,83,34,139,8,3,0,1,412,168,238,2,2,1,2,140,40,21,0,0,0,0,1,0,262,7,10,1,3,195,113,54,0,0,0,0,69,27,104,4,0,-1,1,56,19,150,2,6,2,2,262,130,13,1,1,0,1,0,0,140,5,2,1,1,53,35,120,0,0,2,2,0,0,87,3,1,0,1,0,0,35,1,6,0,0,0,0,17,0,0,0,0,0,0
2020-10-07,3547,138,126,39,3547,0,0,146,6,5,-4,1,0,0,93,3,6,0,2,0,0,93,3,10,-1,3,0,0,27,0,1,0,0,0,0,2,0,0,0,0,0,0,90,0,2,0,0,0,0,4,0,2,0,0,0,0,5,0,0,0,0,0,0,71,3,2,1,1,0,0,64,4,0,0,0,0,0,15,0,0,0,0,0,0,44,1,3,-1,-1,0,0,119,3,7,0,2,0,0,7,0,0,0,0,0,0,50,1,2,-1,0,0,0,131,5,6,-1,1,0,0,50,2,1,-1,1,0,0,77,3,1,0,0,0,0,102,6,3,0,0,0,0,353,13,13,0,4,0,0,241,8,5,1,6,0,0,136,7,10,0,1,0,0,55,1,0,0,1,0,0,26,0,0,1,1,0,0,87,11,2,0,1,0,0,201,6,3,0,1,0,0,175,12,4,0,2,0,0,78,6,4,-1,0,0,0,190,1,1,0,0,0,0,18,0,0,0,0,0,0,209,5,2,0,3,0,0,33,1,3,0,1,0,0,89,4,8,-1,0,0,0,95,6,9,-4,1,0,0,7,0,1,0,0,0,0,113,6,0,1,2,0,0,116,3,1,1,1,0,0,73,6,0,0,2,0,0,47,2,8,1,1,0,0,15,0,1,1,1,0,0
2020-10-08,3537,137,106,33,3537,3699,1557,135,7,0,0,0,22,9,67,9,12,1,5,37,12,113,5,3,-1,1,18,6,22,1,2,0,1,0,0,14,0,0,0,0,0,0,36,0,2,1,1,0,0,13,0,0,0,0,67,33,15,3,1,0,0,17,4,105,2,2,0,0,110,56,144,5,6,0,2,80,42,6,0,0,0,0,0,0,79,1,6,-2,0,18,8,91,4,2,-1,1,198,65,5,0,0,0,0,0,0,51,3,1,0,1,144,90,127,5,5,0,1,143,49,26,0,2,0,0,256,105,32,7,1,-1,0,6,3,149,4,3,0,0,14,7,353,10,6,0,1,170,71,170,3,4,5,6,783,356,133,5,3,-1,-1,369,160,36,0,0,0,0,1,0,22,2,0,0,1,0,0,163,1,5,0,0,306,146,158,5,2,1,2,73,23,127,12,3,-1,2,106,31,90,10,-2,1,1,227,61,194,2,2,1,1,112,13,16,0,0,0,0,23,21,185,9,10,1,2,128,76,74,2,0,0,0,26,7,108,3,1,0,0,39,12,132,1,2,0,0,138,61,3,0,1,0,0,0,0,152,6,8,-1,1,62,26,95,7,2,-1,3,1,1,51,0,6,1,1,5,3,24,2,4,0,0,0,0,21,1,1,0,0,0,0
2020-10-09,3732,164,134,49,3732,3503,1598,140,12,3,-1,3,23,11,127,10,4,-2,1,44,11,139,6,3,0,1,14,3,14,1,0,-1,0,0,0,5,0,0,0,0,0,0,110,2,2,0,0,0,0,14,1,1,0,0,116,29,16,0,0,0,0,20,6,68,9,2,-1,0,101,49,145,10,3,-1,2,94,53,11,0,0,0,0,0,0,78,1,2,0,0,48,30,110,9,3,1,3,176,53,0,0,0,0,0,0,0,52,0,1,0,0,94,77,121,6,6,-1,1,105,40,52,3,3,0,1,201,97,75,1,1,0,0,2,2,83,2,3,0,0,18,11,424,23,21,2,8,162,84,174,6,10,3,5,770,313,88,-18,6,2,-2,242,71,49,0,0,1,1,0,0,9,1,0,-1,0,0,0,86,7,5,1,2,320,211,112,10,3,-1,1,47,23,142,10,10,1,1,72,35,101,5,3,0,4,202,47,138,3,3,1,3,134,87,22,0,0,0,0,11,7,276,19,6,0,6,110,67,64,5,5,0,2,73,40,100,5,4,1,2,77,37,196,2,4,1,3,193,98,16,0,1,0,1,0,0,107,5,5,0,0,33,6,137,4,6,0,0,1,0,59,2,2,0,0,0,0,56,2,2,0,0,0,0,16,0,1,0,0,0,0
2020-10-10,2051,126,59,20,2051,3143,1287,72,5,2,0,0,10,5,53,3,1,0,1,50,10,49,2,0,1,1,4,1,26,1,0,0,0,0,0,6,0,1,0,0,0,0,38,3,1,0,3,0,0,8,0,0,0,0,67,29,9,0,1,1,0,13,3,39,1,2,0,0,76,33,40,3,0,0,0,90,43,2,1,1,0,0,0,0,32,2,3,1,1,28,13,47,4,1,-1,1,172,59,4,0,0,0,0,0,0,31,2,0,0,0,51,30,66,6,1,0,2,77,20,31,1,0,0,0,204,78,32,2,0,1,1,57,31,58,1,0,0,0,25,14,269,13,7,0,1,131,65,128,6,5,2,3,687,265,98,8,4,-1,1,214,76,29,2,-1,0,0,0,0,11,1,0,0,0,0,0,40,1,3,0,0,263,79,105,11,2,1,1,70,21,99,5,3,1,1,73,32,61,5,2,0,1,195,72,84,1,1,0,0,151,38,18,0,0,0,0,1,1,114,10,6,1,0,151,122,42,0,2,0,1,37,17,43,5,0,-1,0,49,18,64,4,2,0,0,196,107,12,0,0,0,1,0,0,52,7,3,-1,0,1,0,64,4,1,0,0,0,0,42,3,2,0,1,0,0,23,3,0,0,0,0,0,11,0,0,0,0,0,0
2020-10-11,2050,126,59,21,2050,3143,1286,72,5,2,0,0,9,6,52,3,0,0,0,51,11,50,1,1,0,1,5,2,26,0,0,0,0,0,0,5,0,1,0,0,0,0,38,4,0,1,3,0,0,8,0,1,0,0,67,30,8,0,0,0,1,12,2,39,1,2,0,0,75,34,39,2,0,0,-1,91,43,3,0,0,0,0,0,0,32,1,3,0,0,29,14,47,3,1,-1,1,172,59,5,0,0,0,0,0,0,30,1,1,0,0,50,31,66,7,1,0,2,76,20,32,2,0,0,0,204,77,32,2,0,1,1,56,31,58,0,1,0,0,24,13,270,13,7,0,1,131,66,128,7,6,2,3,687,266,98,8,4,-1,2,215,76,29,1,0,0,0,0,0,10,1,0,0,0,0,0,40,2,4,0,0,262,79,104,12,1,0,2,70,22,99,6,3,1,1,73,32,60,5,2,0,1,196,72,84,2,2,0,0,151,38,18,1,0,0,0,1,1,114,9,5,1,1,151,122,41,0,2,0,0,38,17,43,6,1,0,0,48,19,64,4,3,-1,0,196,108,13,0,0,1,0,0,0,51,8,2,0,1,2,0,64,4,1,0,0,0,0,42,3,3,0,0,1,0,23,2,1,0,0,0,0,12,0,1,0,0,0,0
2020-10-12,1424,96,56,10,1424,1353,421,39,2,3,0,0,4,2,35,0,1,0,0,1,1,47,2,0,0,1,2,1,-1,2,0,-1,0,0,0,2,0,0,0,0,0,0,16,0,0,0,0,0,0,20,0,0,0,0,69,31,9,0,0,0,0,10,4,14,1,1,0,0,55,31,43,0,1,0,0,0,0,4,0,0,0,0,0,0,49,1,0,0,0,9,7,36,4,3,-1,0,84,27,4,0,0,0,0,0,0,19,0,0,0,0,13,8,73,4,0,1,1,44,12,19,1,1,0,0,98,36,14,1,0,0,0,0,0,28,3,1,0,0,0,0,184,12,3,0,0,97,28,54,11,2,1,1,290,107,42,7,7,0,1,160,42,15,1,0,-1,0,0,0,2,0,0,0,0,0,0,77,2,9,0,0,6,1,57,11,3,-1,0,18,10,87,4,4,0,1,1,0,39,3,0,0,0,182,29,88,0,0,0,0,113,19,16,0,0,0,0,7,2,92,7,2,2,2,1,0,21,3,-1,1,1,29,9,22,2,3,0,0,9,3,22,5,0,-1,2,5,1,4,0,0,0,0,0,0,31,0,6,0,0,45,10,68,3,1,0,0,1,0,26,4,5,0,0,0,0,5,0,1,0,0,0,0,2,0,0,0,0,0,0
2020-10-13,3253,112,90,50,3253,1979,722,88,6,5,1,4,14,5,80,4,2,1,4,29,10,102,6,-1,1,1,16,6,23,1,0,0,0,0,0,10,0,0,0,0,0,0,67,1,0,0,0,0,0,9,1,0,0,0,20,6,8,0,0,0,1,0,0,63,1,3,1,2,21,4,123,3,1,0,1,136,49,11,0,0,0,0,0,0,67,0,1,0,0,82,40,96,4,3,-2,3,140,45,15,0,0,0,0,0,0,74,1,2,0,0,21,8,145,10,2,0,1,56,30,86,0,1,0,0,121,52,51,4,0,0,1,7,3,149,3,4,1,1,16,9,347,22,8,0,5,106,69,153,2,4,-2,1,202,66,119,-8,1,2,2,165,35,47,2,0,0,0,0,0,14,2,0,0,0,0,0,96,3,8,2,3,309,65,149,3,6,-1,0,29,11,146,4,5,3,4,97,44,74,3,4,0,0,86,26,102,0,2,0,0,158,38,19,0,1,0,0,14,11,148,15,7,1,6,86,74,59,1,3,0,1,35,14,53,2,3,0,0,4,0,141,4,0,2,2,0,0,11,0,0,0,0,0,0,94,2,9,3,3,9,2,94,4,1,2,3,0,0,47,2,2,0,0,0,0,56,3,2,1,1,0,0,17,1,1,0,0,0,0
2020-10-14,3419,118,122,38,3419,3496,1494,128,5,4,-1,1,11,3,100,5,5,-1,0,42,5,91,1,1,1,1,0,0,36,0,0,0,0,0,0,19,0,0,0,0,0,0,45,2,1,0,0,0,0,6,0,2,0,0,57,21,15,0,0,0,0,22,6,82,0,3,0,0,138,74,87,5,4,1,2,195,90,6,0,0,0,0,0,0,64,0,0,0,0,66,36,64,3,4,2,2,150,62,0,0,0,0,0,0,0,39,3,1,0,0,195,97,143,6,6,2,2,121,42,55,2,3,1,1,306,157,74,2,0,2,2,43,25,98,5,2,1,1,7,4,366,13,15,2,4,104,31,201,4,8,2,5,487,214,137,0,6,1,2,175,67,47,0,2,1,1,0,0,10,0,0,0,0,1,0,166,10,1,0,1,476,203,143,14,6,0,0,13,3,170,2,8,1,1,36,16,99,5,3,-2,1,254,107,106,2,2,-1,0,100,8,17,0,0,0,0,0,0,191,2,5,2,3,69,42,61,10,0,0,4,30,13,56,4,2,-3,1,43,15,134,4,2,-1,1,298,138,10,0,0,0,0,0,0,138,2,9,-1,0,57,15,93,1,3,-1,1,0,0,79,3,2,0,1,0,0,34,3,11,0,0,0,0,9,0,1,0,0,0,0
2020-10-15,3801,138,129,33,3801,3426,1468,105,4,4,1,1,22,14,89,6,1,0,3,36,7,125,3,7,0,1,11,1,35,1,2,0,0,0,0,8,0,2,0,0,0,0,50,1,0,0,0,0,0,15,2,0,-1,0,18,3,27,0,0,0,0,36,15,68,2,3,0,0,134,56,140,7,-1,0,1,212,77,11,0,0,0,0,0,0,36,4,0,0,0,51,27,110,4,3,0,2,58,16,14,0,0,0,0,0,0,67,0,0,1,1,22,14,139,8,0,-1,0,139,47,41,2,2,0,1,320,168,28,2,1,-1,0,17,8,102,7,-1,-1,1,22,9,460,25,20,0,7,127,53,224,7,4,2,4,767,321,152,2,5,-1,0,321,105,52,3,2,0,0,0,0,16,0,0,0,0,0,0,171,9,10,-3,3,240,160,165,6,5,-1,0,60,26,149,6,11,-1,1,112,38,74,3,4,-1,0,207,65,142,0,2,0,0,26,4,20,2,1,0,0,12,3,285,8,15,1,4,155,105,53,1,2,-1,0,63,33,87,5,5,-1,1,86,27,120,0,5,1,1,135,63,13,0,0,0,0,0,0,100,2,4,0,0,13,2,163,4,4,-1,1,3,1,89,1,6,-2,0,1,0,37,0,1,0,0,0,0,19,1,0,0,0,0,0
2020-10-16,3026,118,109,26,3026,4039,1670,112,7,5,0,1,14,6,93,5,5,0,1,53,12,103,2,5,0,0,18,4,27,0,2,0,1,0,0,4,0,0,0,0,0,0,57,0,9,1,1,0,0,9,0,0,0,0,93,35,31,0,0,0,0,22,7,67,4,2,0,0,97,47,64,2,2,-1,0,140,71,5,0,0,0,0,1,0,41,2,4,0,0,60,23,89,2,2,0,0,212,84,4,0,1,0,0,0,0,53,1,0,0,0,111,64,116,4,2,1,1,111,43,49,3,2,0,1,299,128,54,6,0,-1,2,37,16,82,2,2,0,0,29,13,363,8,9,0,1,233,91,163,7,3,1,3,865,334,119,7,5,0,1,282,87,40,1,2,0,0,1,1,22,1,1,0,0,0,0,109,2,6,-1,0,383,182,150,3,3,1,2,63,25,112,6,4,0,0,79,26,100,7,2,0,0,213,64,126,4,2,0,2,65,41,23,1,1,0,1,9,8,157,9,11,0,2,149,84,36,5,1,-1,0,53,24,57,3,5,0,1,71,22,95,3,1,0,1,219,110,17,0,1,0,0,0,0,79,0,4,1,1,52,13,80,5,2,1,1,3,2,66,3,4,0,1,2,2,45,1,3,0,0,0,0,11,2,1,-1,0,0,0
2020-10-17,3026,119,109,26,3026,4040,1670,112,7,5,1,2,13,5,93,5,4,0,0,53,11,103,2,5,0,1,19,4,27,1,1,0,1,0,0,4,0,0,0,0,0,0,58,0,8,1,1,0,0,9,0,0,0,0,93,36,31,0,1,0,0,21,8,67,4,1,0,0,98,47,63,2,2,0,0,139,71,4,0,0,0,0,1,1,41,2,4,0,0,60,23,88,2,3,1,1,211,85,5,0,0,0,0,0,0,53,1,0,0,0,111,65,115,4,1,0,1,111,43,48,2,2,1,1,299,129,55,6,1,-1,2,36,15,82,2,2,0,0,30,13,362,8,9,0,0,234,90,163,7,3,1,3,864,333,118,7,5,1,2,281,88,40,0,1,0,0,0,0,21,1,0,-1,0,0,0,108,3,5,0,0,384,181,149,3,2,0,2,64,25,112,6,4,0,0,79,25,99,6,2,-1,0,214,64,125,3,3,1,2,65,41,23,1,0,0,0,10,8,158,9,11,0,1,149,85,36,5,1,0,0,52,24,56,4,5,1,1,71,23,94,4,1,1,1,220,110,18,1,0,0,1,0,0,79,1,3,1,1,51,13,80,4,1,0,0,4,2,67,2,4,0,2,3,3,45,1,3,0,0,0,0,11,3,1,-1,1,0,0
2020-10-18,1301,12,53,13,1301,3777,1464,28,0,4,1,1,4,2,16,0,0,0,0,36,7,35,0,4,-2,0,12,1,5,0,0,0,0,0,0,2,0,0,0,0,0,0,53,1,1,2,3,1,1,12,0,0,0,0,164,68,13,0,0,0,0,19,9,14,0,0,0,0,141,66,45,0,0,0,0,117,59,14,0,1,0,0,1,0,38,0,0,0,0,55,28,21,0,1,0,0,184,68,2,0,1,0,0,0,0,26,0,1,0,0,117,72,70,1,1,1,1,153,66,40,0,1,0,0,187,73,20,0,1,0,0,22,11,73,0,2,0,0,25,17,123,3,6,0,1,222,39,82,0,2,2,2,773,256,52,0,0,0,0,330,126,21,0,0,1,1,0,0,12,0,0,0,0,0,0,30,0,2,0,0,463,201,55,0,1,0,0,104,34,30,0,3,0,0,39,19,31,4,1,-1,2,228,82,46,0,1,0,0,83,24,10,0,0,0,0,19,10,24,2,2,0,0,121,63,20,0,1,0,0,49,20,47,0,4,0,0,27,14,32,0,0,1,1,74,25,4,0,0,0,0,0,0,66,0,9,0,0,0,0,42,0,2,1,1,1,0,28,1,-1,0,0,6,3,17,0,2,0,0,0,0,2,0,0,0,0,0,0
2020-10-19,2824,137,79,50,2824,628,262,93,7,4,0,2,14,6,67,9,4,1,2,0,0,83,6,-1,0,2,0,0,9,1,0,0,0,0,0,3,1,0,0,0,0,0,65,1,0,1,1,0,0,13,1,0,0,1,0,0,8,0,0,0,1,0,0,49,2,2,1,2,17,13,67,6,0,1,2,6,3,11,0,0,0,0,0,0,73,1,1,0,0,37,28,90,6,2,0,0,25,9,2,0,0,0,0,0,0,47,1,0,0,0,16,8,100,11,4,1,2,24,5,41,2,1,1,1,40,24,56,2,0,1,2,0,0,122,7,6,2,3,1,1,301,18,9,-1,6,30,6,84,6,1,3,9,83,28,96,-2,2,-2,-1,32,10,49,1,1,1,1,0,0,22,1,0,1,2,0,0,151,1,1,0,0,105,54,104,2,5,0,0,7,0,128,6,0,0,1,22,11,81,4,2,1,1,35,15,92,2,6,0,1,45,7,10,1,2,0,0,0,0,149,9,4,0,3,5,3,38,1,2,0,1,0,0,58,2,4,0,0,9,1,141,5,2,2,3,75,30,8,1,0,0,0,0,0,134,8,4,1,1,0,0,92,4,1,0,1,0,0,36,1,3,0,0,0,0,43,1,7,0,0,0,0,8,1,0,0,0,0,0
2020-10-20,3217,84,127,29,3217,5127,1839,127,7,4,1,2,19,9,84,2,6,1,1,100,23,90,3,5,0,1,18,3,33,0,1,0,0,0,0,5,0,0,0,0,0,0,52,0,3,-2,0,0,0,5,0,0,0,0,72,24,26,0,1,0,1,31,10,75,2,1,0,0,141,57,107,1,2,1,1,267,107,7,0,0,1,0,0,0,47,0,3,0,0,49,21,88,4,4,1,1,224,68,3,0,0,0,0,0,0,46,0,1,-1,0,110,57,133,3,2,0,1,157,56,47,2,1,0,0,328,128,47,3,2,-1,0,37,17,99,5,4,0,1,26,13,383,12,13,0,2,212,65,178,4,5,0,3,875,338,138,4,6,0,1,418,110,49,2,0,0,0,0,0,13,0,1,0,0,0,0,121,4,8,0,2,576,220,152,2,3,0,0,59,20,123,2,6,0,0,116,38,87,4,4,0,0,258,78,113,1,4,0,0,403,96,21,0,1,0,0,7,5,165,6,11,1,3,162,97,37,1,2,0,0,63,25,76,3,3,1,1,78,20,108,1,2,0,0,257,113,18,0,0,0,0,0,0,102,3,4,1,1,55,20,96,3,6,1,2,1,1,55,2,4,1,1,6,0,44,1,2,1,1,0,0,19,0,0,0,0,0,0
2020-10-21,3217,84,126,29,3217,5127,1840,128,7,4,1,2,18,8,84,3,5,0,1,100,23,90,4,6,1,0,18,4,34,1,0,0,0,0,0,5,0,0,0,0,0,0,51,1,4,-1,0,0,0,5,0,0,0,0,72,25,26,0,0,1,0,31,10,76,1,2,-1,0,141,57,108,0,2,0,2,267,107,8,0,0,0,1,0,0,47,0,2,0,0,50,21,88,5,5,0,1,225,69,2,0,0,0,0,0,0,45,1,1,0,0,110,58,132,2,3,1,1,157,56,46,1,2,-1,0,328,127,46,2,2,0,1,37,17,98,5,4,0,1,26,12,383,12,13,0,2,211,65,178,4,5,0,3,875,338,139,3,5,0,0,418,109,49,2,1,1,1,0,0,14,0,1,0,0,1,0,120,5,8,0,2,576,221,152,1,3,1,1,59,19,123,1,6,0,1,117,38,87,3,4,0,0,258,79,113,0,4,0,1,403,96,22,0,1,0,0,6,4,164,5,11,2,3,162,96,37,1,2,0,0,64,25,76,3,3,0,2,79,21,108,0,3,1,1,257,112,18,1,0,0,0,0,0,101,2,5,0,2,56,21,96,3,5,0,2,1,1,54,2,4,0,1,6,1,44,0,2,0,0,0,0,18,0,0,0,0,0,0
2020-10-22,2745,111,131,24,2745,3385,1199,96,6,4,-1,0,29,18,65,4,2,0,0,76,20,80,1,5,1,2,12,3,25,1,0,1,1,0,0,3,0,0,0,0,1,0,44,2,2,0,2,0,0,14,0,0,0,0,69,25,36,1,0,0,0,24,2,80,1,10,0,0,126,38,115,2,5,0,1,136,49,9,0,0,0,0,0,0,36,2,2,0,0,31,14,81,4,0,0,3,162,44,1,0,0,0,0,0,0,42,2,-1,0,0,63,26,87,4,5,0,0,125,38,46,2,3,0,0,227,105,28,3,2,0,0,25,19,86,4,3,0,0,4,1,314,12,21,0,2,148,51,102,12,6,-2,2,593,216,96,0,6,-1,-1,285,72,25,2,3,0,0,0,0,22,1,0,0,0,0,0,99,2,6,1,1,247,94,142,0,4,0,0,46,12,142,10,5,-1,2,70,19,72,6,2,0,2,204,57,83,2,11,0,1,236,55,15,0,0,1,1,12,3,201,12,3,1,2,169,116,39,2,2,-1,0,38,14,59,3,5,-1,0,58,20,86,2,3,1,2,121,51,12,0,0,0,0,2,1,103,1,3,1,1,40,15,93,2,3,0,0,0,0,51,4,2,0,0,6,1,22,0,4,0,0,0,0,-7,-1,0,0,0,0,0
2020-10-23,2857,94,100,17,2857,2975,1025,202,4,4,1,0,22,12,60,5,10,0,2,93,13,81,0,1,0,0,0,0,17,2,0,0,0,1,0,1,0,0,0,0,0,0,54,3,4,0,1,0,0,11,0,0,0,0,95,31,27,0,0,0,0,26,6,72,4,2,0,0,48,19,70,2,1,0,0,71,40,10,0,1,0,0,-2,0,46,0,1,0,0,59,25,65,2,3,0,1,55,14,7,1,0,0,0,0,0,34,1,0,0,0,83,19,80,3,2,1,1,60,15,73,0,0,0,0,352,129,77,1,2,-1,0,51,25,87,4,4,-1,0,38,23,299,17,18,-1,2,136,40,81,9,-2,1,2,299,84,85,-3,5,-1,-1,263,59,38,1,0,0,0,0,0,18,1,0,0,1,1,0,126,1,1,0,0,281,137,166,4,6,0,0,51,16,128,4,3,2,2,70,11,82,1,3,0,0,102,42,108,7,0,0,2,347,88,17,0,0,0,0,20,18,150,4,7,-1,1,90,71,33,1,3,1,1,35,8,61,3,7,-2,1,42,10,137,3,2,0,0,142,62,12,0,0,0,0,1,1,81,5,2,-1,0,30,4,72,3,2,0,1,0,0,37,1,2,0,0,13,3,41,0,6,0,0,0,0,11,0,0,-1,0,0,0
2020-10-24,1873,69,80,14,1873,2480,777,99,7,4,-1,1,14,4,54,3,2,0,0,67,11,52,0,3,0,0,22,7,27,1,0,-1,0,0,0,3,0,0,0,0,0,0,45,3,0,0,1,0,0,5,0,2,0,0,65,23,14,0,1,0,0,25,4,32,5,1,0,0,65,42,59,2,2,0,0,73,35,6,0,0,0,0,0,0,35,0,0,0,0,3,1,44,1,1,0,0,144,51,1,1,-1,0,0,0,0,17,0,0,0,0,12,3,64,6,-1,1,2,39,27,18,0,3,0,0,199,48,21,0,1,0,0,0,0,61,3,0,-1,-1,3,1,205,6,9,2,2,185,30,142,4,5,0,4,691,197,72,6,3,0,0,169,44,18,0,0,0,0,0,0,2,0,1,0,0,0,0,50,1,4,0,0,55,23,138,4,2,0,0,100,34,104,1,10,0,0,82,33,49,1,4,0,0,91,34,58,0,0,0,0,196,37,12,0,0,0,0,13,8,107,5,2,1,1,72,50,23,1,2,0,0,42,16,42,2,5,0,0,40,13,37,1,2,0,0,7,1,9,1,1,-1,0,0,0,48,2,6,1,2,0,0,38,1,3,0,1,0,0,24,0,2,1,1,6,0,30,1,1,0,0,0,0,8,0,0,0,0,0,0
2020-10-25,1180,63,36,6,1180,1171,370,30,5,2,0,0,3,3,14,1,2,0,0,26,2,27,3,0,0,0,0,0,13,0,0,0,0,0,0,5,0,0,0,0,0,0,17,1,0,0,1,0,0,7,1,0,0,0,60,22,14,0,0,-1,0,0,0,39,1,1,0,0,67,21,31,1,1,0,0,39,12,0,0,0,0,0,0,0,9,1,0,0,0,5,1,35,1,0,0,0,69,33,1,0,0,0,0,0,0,48,0,2,0,0,72,54,53,1,1,0,0,79,36,19,0,1,0,0,0,0,6,0,0,0,0,0,0,42,2,-1,0,0,22,14,141,9,8,-1,2,33,8,73,1,0,-2,0,271,88,37,1,0,0,0,98,22,8,0,1,0,0,0,0,15,0,0,0,0,0,0,20,3,0,-1,0,79,15,86,3,1,0,0,28,6,57,2,2,0,0,0,0,32,2,0,0,2,196,22,62,2,0,0,0,0,0,17,0,1,0,0,12,5,30,7,1,0,0,7,6,12,2,2,0,0,2,0,28,2,1,0,0,0,0,13,3,1,0,1,1,0,10,0,0,0,0,0,0,33,2,5,0,0,0,0,44,3,1,-2,0,2,0,31,2,1,0,0,0,0,11,1,2,0,0,0,0,10,0,0,0,0,0,0
2020-10-26,2212,94,62,28,2212,2579,778,135,3,2,1,1,18,4,76,1,3,-2,0,48,11,68,3,2,0,2,10,1,5,1,-1,0,0,0,0,6,0,0,0,0,0,0,52,0,0,0,0,0,0,9,1,1,0,0,32,11,8,0,0,0,0,15,0,37,5,0,-1,0,63,13,69,3,-1,0,0,182,49,8,0,2,0,0,0,0,55,4,2,0,0,89,48,61,2,2,1,2,234,38,1,0,0,0,0,0,0,24,0,0,0,0,81,40,80,8,3,0,1,114,25,24,2,0,0,0,257,64,29,0,1,1,1,6,2,63,5,2,0,1,13,7,303,16,4,0,6,64,18,40,6,5,1,2,200,54,119,1,5,0,3,148,41,40,0,1,1,1,3,0,6,0,0,0,0,0,0,75,2,4,0,0,275,81,121,5,6,0,0,1,0,134,3,2,0,0,77,36,53,6,2,0,0,109,25,49,2,0,0,2,49,6,16,1,0,0,0,36,35,90,4,2,0,1,88,53,22,0,1,1,2,48,21,31,0,0,0,0,7,2,107,0,5,-1,0,288,86,1,0,0,0,0,0,0,58,1,3,0,0,24,7,68,4,0,-1,1,0,0,33,1,3,0,0,0,0,26,3,2,0,2,0,0,10,1,-1,0,0,0,0
2020-10-27,2561,118,87,33,2561,3584,1228,155,9,2,-1,2,27,12,52,5,3,0,1,63,16,50,3,2,0,2,0,0,21,2,0,0,0,0,0,4,0,0,0,0,0,0,25,0,2,0,0,0,0,9,0,0,0,0,37,12,18,0,0,0,0,10,2,66,4,1,0,0,94,51,95,2,3,2,2,234,85,8,0,0,0,0,0,0,41,1,5,0,0,50,32,70,2,4,-1,0,127,37,1,0,0,0,0,0,0,39,0,1,0,0,63,33,77,3,2,1,2,104,15,38,5,1,-1,0,304,125,30,2,0,1,0,35,11,58,4,0,1,1,43,18,328,8,7,-1,3,147,29,123,11,5,-1,5,719,253,91,3,2,1,1,280,70,18,0,1,0,0,1,1,13,0,0,0,0,0,0,120,4,1,0,0,396,138,119,8,8,0,3,55,18,114,2,11,0,1,107,37,77,8,0,0,1,181,41,59,3,2,0,0,112,17,14,0,0,0,0,6,1,158,7,7,0,3,86,58,41,3,0,0,0,11,4,61,1,3,1,1,80,30,94,3,0,1,1,140,53,15,0,0,0,0,1,1,80,2,6,2,2,51,24,90,3,2,0,1,1,0,34,5,3,0,1,19,4,39,3,3,0,0,0,0,16,2,0,0,0,0,0
2020-10-28,2661,85,97,-3757,2661,3448,1214,182,8,3,0,3,18,12,58,5,0,1,1,95,14,76,3,5,0,2,13,1,24,0,0,0,0,1,0,6,0,0,0,0,0,0,28,0,3,0,0,0,0,8,0,0,0,0,71,25,23,0,0,0,0,24,9,55,4,1,1,1,119,44,83,2,2,0,1,180,74,13,0,0,0,0,1,1,40,2,0,0,0,46,18,82,1,2,0,0,246,57,7,0,0,0,0,0,0,22,0,0,0,0,23,7,77,4,7,0,0,125,33,43,1,2,1,1,212,100,58,0,4,0,0,3,2,64,0,2,0,0,0,0,319,12,17,1,2,140,34,149,2,1,2,2,588,205,109,0,2,3,3,259,79,34,0,2,0,0,0,0,10,0,0,0,1,0,0,131,3,7,0,0,322,153,108,6,3,-1,1,36,9,84,7,7,0,0,84,24,62,7,2,0,0,111,30,101,1,0,0,0,322,113,19,0,0,0,0,6,3,135,8,6,-1,0,115,74,34,0,1,0,0,49,10,72,0,3,0,0,58,33,101,2,2,0,1,153,46,10,0,0,0,0,0,0,77,-1,4,1,2,12,3,72,2,4,1,1,1,0,44,3,3,1,2,15,1,29,3,1,1,2,0,0,12,0,1,0,0,0,0
